date,close,high,low,open,volume,log_return,volatility_7,volatility_30,momentum_7,momentum_30,rsi_14,vwap,vwap_deviation,volume_zscore_30,target_return,market_regime,regime_probability,regime_entropy,predicted_return,signal,position_size,strategy_return
2023-03-20,27767.236328125,28527.724609375,27242.880859375,28041.6015625,44774027664,-0.0097280586770752,0.0384114781414921,0.0345870645889413,3569.703125,3125.958984375,70.21095080864595,30862.2010001046,-0.1002833424605428,1.3634231634921588,0.0146072594573107,0,0.998616,0.010503,0.0018657285948617,HOLD,0.0,0.0
2023-03-21,28175.81640625,28439.5625,27439.646484375,27768.392578125,36102192830,0.0146072594573107,0.0384314136312021,0.0344901844664797,3429.7421875,3848.173828125,71.50555741429157,30859.910528248,-0.0869767305236053,0.5518404849927363,-0.0313049347860252,0,0.999631,0.003311,0.0083761138974998,HOLD,0.0,-0.0
2023-03-22,27307.4375,28803.3359375,26759.99609375,28158.720703125,33382021890,-0.0313049347860252,0.041188973910571,0.0349770159256271,2931.4765625,2478.2890625,65.0363090469562,30857.11203436029,-0.1150358637064812,0.2949382383265158,0.0369024309214414,0,0.999393,0.005107,0.009032430577462,HOLD,0.0,0.0
2023-03-23,28333.97265625,28729.84375,27183.36328125,27301.95703125,24220433689,0.0369024309214414,0.0417716863157405,0.0353102284982656,3281.18359375,3897.619140625,68.64738813185932,30855.67072921276,-0.0817255957614081,-0.5004916359608007,-0.0301197331855556,0,0.99948,0.004457,0.0064347662462271,HOLD,0.0,-0.0
2023-03-24,27493.28515625,28388.4375,27039.265625,28324.111328125,25980310960,-0.0301197331855556,0.0298936094180351,0.0357889315921328,69.35546875,3304.44140625,62.916405699421695,30853.61171847929,-0.1089119352667769,-0.3307779971536834,5.171583626720892e-05,0,0.997764,0.016438,0.009892344580309,HOLD,0.0,0.0
2023-03-25,27494.70703125,27791.826171875,27196.234375,27487.337890625,13383005987,5.171583626720892e-05,0.0289398496514718,0.0356972863789661,528.828125,3547.21484375,62.92204379401503,30852.55251077405,-0.1088352569321924,-1.3523961366145387,0.0180084779034715,0,0.974268,0.120343,0.004384409376588,HOLD,0.0,0.0
2023-03-26,27994.330078125,28178.14453125,27445.046875,27495.5234375,13878363192,0.0180084779034715,0.0254327343841173,0.0350993147563591,-44.345703125,4796.203125,64.93919365808867,30851.61813396013,-0.0926138798758809,-1.2384295642272287,-0.0309974400560333,0,0.942944,0.220237,0.0039891605110175,HOLD,0.0,-0.0
2023-03-27,27139.888671875,28037.92578125,26606.689453125,27994.068359375,18188895178,-0.0309974400560333,0.0279073004147023,0.0357350425966394,-627.34765625,3964.513671875,59.02515671697463,30850.028546660287,-0.1202637420310242,-0.889389761103455,0.004714100093914,0,0.950268,0.198613,-0.0044286972996664,HOLD,0.0,0.0
2023-03-28,27268.130859375,27460.71875,26677.818359375,27132.888671875,17783600385,0.004714100093914,0.0270899078371029,0.035671855068079,-907.685546875,3706.91796875,59.61956040906759,30848.52937001304,-0.1160638313643062,-0.9296216986926624,0.0388533993126916,0,0.912095,0.298566,0.0001792929434084,HOLD,0.0,0.0
2023-03-29,28348.44140625,28619.54296875,27259.662109375,27267.03125,20684945906,0.0388533993126916,0.0285364827427122,0.03617959183353,1041.00390625,4825.5703125,64.31572640574893,30847.31285283649,-0.0810077512588495,-0.6771908541729492,-0.0111695987413331,0,0.895879,0.334677,0.0133982554835033,HOLD,0.0,-0.0
2023-03-30,28033.5625,29159.90234375,27720.16015625,28350.140625,22435349951,-0.0111695987413331,0.0252741172953338,0.0360859394443286,-300.41015625,4886.208984375,62.05057194626724,30845.82863436656,-0.091171683785901,-0.5372891611375173,0.0157464148884536,2,0.696545,0.613834,0.0062835575142924,BUY,0.304463399601126,0.004794207008468368
2023-03-31,28478.484375,28639.896484375,27583.71484375,28032.26171875,19001327598,0.0157464148884536,0.0224075557157545,0.0360204363329033,985.19921875,4831.93359375,63.98093059017448,30844.771498501574,-0.0767159881089255,-0.8031913433758348,-0.0023712364214005,2,0.962656,0.159421,0.005287324837519,BUY,0.6029829295040051,-0.001429815083922667
2023-04-01,28411.03515625,28802.45703125,28297.171875,28473.33203125,10876469901,-0.0023712364214005,0.0225157189769781,0.0359684567308223,916.328125,4935.568359375,63.4539804931701,30844.14957647434,-0.0788841467063868,-1.4141998995183238,-0.0074801718449764,2,0.996905,0.020971,0.0136896185017498,BUY,0.6795831438569147,-0.0050833986989990395
2023-04-02,28199.30859375,28518.958984375,27884.087890625,28462.845703125,12284641999,-0.0074801718449764,0.0220580012419337,0.0345597564141847,204.978515625,5836.62890625,61.735144222394425,30843.386424224744,-0.0857259249716514,-1.228908160108416,-0.014613274150394,2,0.99934,0.005496,0.0141245846729441,BUY,0.7312971592648491,-0.010686645873741582
2023-04-03,27790.220703125,28475.623046875,27276.720703125,28183.080078125,19556501327,-0.014613274150394,0.0187062326291183,0.0347716966387948,650.33203125,5436.87109375,58.44116780586305,30841.9846075812,-0.098948363514391,-0.6926502622830155,0.0135055858746378,2,0.99975,0.002323,0.0025107799607107,HOLD,0.0,0.0
2023-04-04,28168.08984375,28433.7421875,27681.3046875,27795.2734375,15284538859,0.0135055858746378,0.0191014647144215,0.0347830728159391,899.958984375,5732.576171875,60.53576808998015,30841.02544879609,-0.0866681819475762,-1.0497674188646342,0.0003512057047058,2,0.999809,0.001825,0.0054231324331277,BUY,0.8416072247010984,0.0002955772584366418
2023-04-05,28177.984375,28739.23828125,27843.763671875,28169.7265625,17052315986,0.0003512057047058,0.0117271832476831,0.0347785247462546,-170.45703125,5748.2265625,60.5917777772997,30839.96012574464,-0.0863157974229177,-0.9044765836478884,-0.0047612573465794,2,0.999987,0.000158,0.001748857446002,HOLD,0.0,-0.0
2023-04-06,28044.140625,28178.384765625,27738.759765625,28175.2265625,13837809380,-0.0047612573465794,0.0110170060220104,0.0347104541931967,10.578125,5824.37109375,59.36441418902479,30839.05281594926,-0.0906289894060493,-1.1196234804723617,-0.0042266008962955,2,0.999991,0.000116,0.0062057257800003,BUY,1.0,-0.0042266008962955
2023-04-07,27925.859375,28111.59375,27794.03125,28038.966796875,10861680497,-0.0042266008962955,0.0085957861661113,0.034308737321696,-552.625,6207.779296875,58.24163186266813,30838.31093390433,-0.094442641983427,-1.290077849181205,0.0007851839396583,2,0.999996,5.6e-05,0.0107054371132361,BUY,1.0,0.0007851839396583
2023-04-08,27947.794921875,28159.86328125,27883.38671875,27920.513671875,9373255556,0.0007851839396583,0.0087040969923812,0.0314867240500017,-463.240234375,7584.7734375,58.39877403576353,30837.675838575586,-0.0937126692630176,-1.310378315011941,0.0136906925289077,2,0.999996,5.4e-05,0.0086628760922215,BUY,1.0,0.0136906925289077
2023-04-09,28333.05078125,28532.830078125,27828.48046875,27952.3671875,12175322951,0.0136906925289077,0.010177254662727,0.0312799522843858,133.7421875,8145.806640625,61.16304063618176,30836.96122319049,-0.0811983523220005,-1.0283691989552095,0.0455336467573902,2,0.999989,0.00014,0.0042505577228409,HOLD,0.0,0.0
2023-04-10,29652.98046875,29771.46484375,28189.271484375,28336.02734375,19282400094,0.0455336467573902,0.0177158412209001,0.0318495063690717,1862.759765625,9020.5703125,68.80981075926785,30836.42646347303,-0.0383781822489992,-0.4668693870072835,0.0194394895643321,2,0.997919,0.01493,0.0099016689618364,BUY,0.9803310172840918,0.019057134580085174
2023-04-11,30235.05859375,30509.083984375,29609.30078125,29653.6796875,20121259843,0.0194394895643321,0.018090392978748,0.0298494752020703,2066.96875,8071.109375,71.47694018836444,30836.14316534644,-0.0194928583763983,-0.3807467368630773,-0.0031803678161343,2,0.999724,0.002535,-0.0113333496697622,HOLD,0.0,-0.0
2023-04-12,30139.052734375,30462.48046875,29725.57421875,30231.58203125,18651929926,-0.0031803678161343,0.0184537021840894,0.0260967990785089,1961.068359375,5941.51953125,70.40752510614412,30835.838886613816,-0.0225966335730628,-0.4389660078822681,0.0085901337682815,2,0.999846,0.001503,0.0038354175058077,HOLD,0.0,0.0
2023-04-13,30399.06640625,30539.845703125,29878.623046875,29892.740234375,17487721001,0.0085901337682815,0.0173792741683506,0.0259426191437568,2354.92578125,5652.9921875,71.64488188231223,30835.66020927098,-0.014158730510648,-0.4846557072472944,0.0028457979620181,2,0.9999,0.001025,0.0033270082090352,HOLD,0.0,0.0
2023-04-14,30485.69921875,31005.607421875,30044.498046875,30409.5625,22659995079,0.0028457979620181,0.0164944011941267,0.0256247096934187,2559.83984375,6109.73828125,72.06401174532978,30835.474800488893,-0.0113432850962083,0.0390999587985383,-0.0054997371675221,2,0.999876,0.001242,0.0032325691213464,HOLD,0.0,-0.0
2023-04-15,30318.49609375,30601.740234375,30245.8828125,30490.75,11940685378,-0.0054997371675221,0.0173871107122186,0.0254454305389677,2370.701171875,5265.70703125,69.9159821193507,30835.33051204963,-0.0167611116766744,-0.9128247062988474,-0.0001035931223855,2,0.999929,0.000745,-0.0001134086648871,HOLD,0.0,-0.0
2023-04-16,30315.35546875,30555.537109375,30157.83203125,30315.9765625,12854816417,-0.0001035931223855,0.0178892674256709,0.0198937901081627,1982.3046875,2891.42578125,69.87385198016389,30835.174324097043,-0.0168579833499048,-0.8193310228661845,-0.0291287232768213,2,0.999867,0.001317,-0.0002080086168262,HOLD,0.0,-0.0
2023-04-17,29445.044921875,30319.197265625,29275.37109375,30317.146484375,17872186762,-0.0291287232768213,0.0149530577842843,0.0204424864897072,-207.935546875,2479.166015625,59.22372059940472,30834.59402653465,-0.0450646148758722,-0.2089050515946228,0.0318364609978162,2,0.995765,0.027368,-0.0023547016758462,HOLD,0.0,0.0
2023-04-18,30397.552734375,30470.302734375,29154.849609375,29449.091796875,19480529496,0.0318364609978162,0.0181668201583938,0.0200438374169529,162.494140625,2358.876953125,65.43348179839867,30834.395259897807,-0.0141673777559357,0.055064340321616,-0.0531995366286723,2,0.894471,0.33714,-0.0005719960705412,HOLD,0.0,-0.0
2023-04-19,28822.6796875,30411.0546875,28669.8984375,30394.1875,24571565421,-0.0531995366286723,0.0274452780121292,0.0224050262787147,-1316.373046875,1055.443359375,51.47532462338398,30833.24188472396,-0.0652076160119921,0.9897220029003384,-0.020211126619281,0,0.998125,0.013925,-0.014663998073677,HOLD,0.0,-0.0
2023-04-20,28245.98828125,29076.400390625,28037.2578125,28823.68359375,21340360360,-0.020211126619281,0.0269819682797482,0.0225899527387689,-2153.078125,70.171875,47.48110887450455,30831.95424090277,-0.0838729176700105,0.6485674454285302,-0.0349108772717124,0,0.998458,0.012075,-0.0146237287224363,HOLD,0.0,-0.0
2023-04-21,27276.91015625,28349.96875,27177.365234375,28249.23046875,20759504330,-0.0349108772717124,0.0276366739570522,0.0227715853811711,-3208.7890625,-30.52734375,41.63471564751366,30830.23393071865,-0.1152545187446076,0.7330087159313902,0.0196247565563981,0,0.999534,0.004363,-0.0193067389443789,HOLD,0.0,0.0
2023-04-22,27817.5,27872.142578125,27169.5703125,27265.89453125,13125734602,0.0196247565563981,0.0306751401043585,0.02201089902471,-2500.99609375,-516.47265625,45.6546876986388,30829.31242861744,-0.097693143030388,-0.9063030030158884,-0.0081617412273785,0,0.998908,0.008968,-0.0191612691989025,HOLD,0.0,-0.0
2023-04-23,27591.384765625,27820.244140625,27400.314453125,27816.14453125,12785446832,-0.0081617412273785,0.0302899842190673,0.0213510753227271,-2723.970703125,98.099609375,44.28086358522574,30828.348009943467,-0.1049995686851078,-0.9414534952272878,-0.0023965485595713,0,0.997634,0.017111,-0.0160976894099413,HOLD,0.0,-0.0
2023-04-24,27525.33984375,27979.982421875,27070.849609375,27591.73046875,17703288330,-0.0023965485595713,0.0296624742731247,0.0213560186310444,-1919.705078125,30.6328125,43.865656569470254,30826.986354975503,-0.1071024742155054,0.222926068573402,0.0280232077739538,0,0.998515,0.011577,-0.0128328223942719,HOLD,0.0,0.0
2023-04-25,28307.59765625,28371.078125,27207.931640625,27514.873046875,17733373139,0.0280232077739538,0.0287963663591903,0.0217217630593421,-2089.955078125,313.267578125,49.86229931503456,30825.94640916341,-0.0816957481040973,0.2004249519627524,0.0040579258685806,0,0.99918,0.007079,-0.0128213962767882,HOLD,0.0,0.0
2023-04-26,28422.701171875,29995.837890625,27324.548828125,28300.05859375,31854242019,0.0040579258685806,0.0218274168369496,0.0209036134414587,-399.978515625,1282.8125,50.6968969419974,30824.165803906337,-0.077908503584775,2.9755090146289493,0.0363131328622946,0,0.999452,0.005015,-0.0073497834675086,HOLD,0.0,0.0
2023-04-27,29473.787109375,29871.546875,28402.88671875,28428.46484375,27153445027,0.0363131328622946,0.0242831456553715,0.0218440536219061,1227.798828125,2205.65625,57.632440460587205,30823.313472294896,-0.0437826505619812,1.825798332231006,-0.0045406028897519,0,0.979118,0.101526,-0.0046301100070868,HOLD,0.0,-0.0
2023-04-28,29340.26171875,29572.791015625,28929.609375,29481.013671875,17544464887,-0.0045406028897519,0.0175066434547923,0.0207705030810033,2063.3515625,991.8203125,56.54424976494611,30822.70890112005,-0.048095940792413,-0.008596174651998,-0.0031328032278842,2,0.972795,0.124891,-0.0036260662720056,HOLD,0.0,-0.0
2023-04-29,29248.48828125,29452.455078125,29088.04296875,29336.56640625,10662634333,-0.0031328032278842,0.0176244644373034,0.0206577001599912,1430.98828125,1214.92578125,55.76489231510483,30822.31898289743,-0.0510613981550417,-1.2525075535280694,0.0006944394889976,2,0.999616,0.003406,0.0006305988493079,HOLD,0.0,0.0
2023-04-30,29268.806640625,29952.029296875,29114.021484375,29245.515625,14652199272,0.0006944394889976,0.0166306239525262,0.0204796195932715,1677.421875,790.322265625,55.90978510750755,30821.79039994748,-0.0503859035821981,-0.4591652687014618,-0.0410528562110149,2,0.998406,0.01186,-0.0038516681640359,HOLD,0.0,-0.0
2023-05-01,28091.568359375,29329.935546875,27680.79296875,29227.103515625,18655599976,-0.0410528562110149,0.0250912621053515,0.0218643611609483,566.228515625,-319.466796875,46.42201590951124,30820.60813527572,-0.0885459418556117,0.2637405612559615,0.0207492702911204,2,0.872676,0.381275,-0.0066346558565476,HOLD,0.0,0.0
2023-05-02,28680.537109375,28881.298828125,27924.123046875,28087.17578125,16432924527,0.0207492702911204,0.0240049323568995,0.0221536606930091,372.939453125,481.228515625,50.91028946852821,30819.79214506853,-0.0694117282045276,-0.2026298259497151,0.0112946008250287,2,0.935385,0.23954,-0.0037127025230949,HOLD,0.0,0.0
2023-05-03,29006.30859375,29259.533203125,28178.388671875,28680.494140625,19122972518,0.0112946008250287,0.0242692483143081,0.0220463272213715,583.607421875,1216.087890625,53.24343099341724,30818.98784470796,-0.0588169624548268,0.3371329945812628,-0.0054826978253753,2,0.968857,0.138697,-0.0032716821327073,HOLD,0.0,-0.0
2023-05-04,28847.7109375,29353.185546875,28694.0390625,29031.3046875,15548678514,-0.0054826978253753,0.0193156043959571,0.0219600210548226,-626.076171875,679.62109375,51.948949739574005,30818.27723068128,-0.0639414811681775,-0.3785619837133718,0.0235245236353522,2,0.998133,0.013597,-0.006184057453638,HOLD,0.0,0.0
2023-05-05,29534.384765625,29668.908203125,28845.509765625,28851.48046875,17936566518,0.0235245236353522,0.021721666110976,0.0223480165879486,194.123046875,1356.400390625,56.84149182086445,30817.74355175007,-0.0416435026779302,0.092670950351592,-0.0215536205091468,2,0.996623,0.022588,-0.0029419461915719,HOLD,0.0,-0.0
2023-05-06,28904.623046875,29820.126953125,28468.966796875,29538.859375,15913866714,-0.0215536205091468,0.0233522336095121,0.0227192027344378,-343.865234375,860.482421875,51.647606774121776,30817.03825805572,-0.0620570735956692,-0.3277699956950656,-0.0156784123199928,2,0.9958,0.027177,-0.0050571106233462,HOLD,0.0,-0.0
2023-05-07,28454.978515625,29157.517578125,28441.3671875,28901.623046875,11301355486,-0.0156784123199928,0.0238874875929125,0.0229056181821481,-813.828125,529.119140625,48.25709117132863,30816.420014376094,-0.0766293261076226,-1.2643556008720265,-0.0270974803125891,2,0.997259,0.018908,-0.0047170471937256,HOLD,0.0,-0.0
2023-05-08,27694.2734375,28663.271484375,27310.134765625,28450.45703125,19122903752,-0.0270974803125891,0.0206447098354791,0.0234579489400633,-397.294921875,-253.521484375,43.10191199959846,30815.03787099462,-0.1012740742542495,0.2637926037490049,-0.0012826051136456,2,0.995466,0.028989,-0.0054527889304683,HOLD,0.0,-0.0
2023-05-09,27658.775390625,27821.400390625,27375.6015625,27695.068359375,14128593256,-0.0012826051136456,0.0181168957985161,0.0233087418513904,-1021.76171875,-674.275390625,42.87175366880507,30814.00587981967,-0.1023959851731272,-0.8234120635395915,-0.0013393336115541,2,0.999796,0.00194,-0.0170761706641869,SELL,1.0,0.0013393336115541
2023-05-10,27621.755859375,28322.6875,26883.669921875,27654.63671875,20656025026,-0.0013393336115541,0.0167819881408536,0.0216042824411611,-1384.552734375,-2031.224609375,42.61618016718317,30812.48063329666,-0.1035529989258212,0.5719012080298815,-0.0227376278728039,2,0.999478,0.004464,-0.0179372428730973,SELL,1.0,0.0227376278728039
2023-05-11,27000.7890625,27621.94140625,26781.826171875,27621.0859375,16724343943,-0.0227376278728039,0.0177627596979875,0.0215085321546645,-1846.921875,-3234.26953125,38.47309512355769,30811.006640840464,-0.1236641704945128,-0.248634187181837,-0.0072780171559251,2,0.999498,0.004316,-0.0189282860830198,SELL,1.0,0.0072780171559251
2023-05-12,26804.990234375,27055.646484375,25878.4296875,26987.662109375,19313599897,-0.0072780171559251,0.0106052002091455,0.0215176596996428,-2729.39453125,-3334.0625,37.24359845508149,30809.21846397458,-0.129968510375612,0.3036882004043246,-0.0007804618022563,2,0.999928,0.000759,-0.002455633641495,HOLD,0.0,-0.0
2023-05-13,26784.078125,27030.482421875,26710.873046875,26807.76953125,9999171605,-0.0007804618022563,0.0109904796579108,0.0213976600742882,-2120.544921875,-3614.98828125,37.107202690892784,30808.288471973257,-0.1306210291634389,-1.571612267700163,0.0054570113859458,2,0.999993,9.3e-05,0.0003583360069141,HOLD,0.0,0.0
2023-05-14,26930.638671875,27150.9765625,26661.35546875,26788.974609375,10014858959,0.0054570113859458,0.0122814685536615,0.0214326759528683,-1524.33984375,-3555.060546875,38.79886109400617,30807.39135907948,-0.1258383951441553,-1.4526375400889282,0.0096836881797241,2,0.999988,0.000143,-0.0054561524677698,HOLD,0.0,0.0
2023-05-15,27192.693359375,27646.34765625,26766.09765625,26931.384765625,14413231792,0.0096836881797241,0.0104071049631031,0.0215780698236101,-501.580078125,-3125.802734375,41.81256453949621,30806.18820156739,-0.1172976941693987,-0.5921612916993026,-0.0057549433066925,2,0.999986,0.00017,-0.0150468688266491,SELL,1.0,0.0057549433066925
2023-05-16,27036.650390625,27299.3046875,26878.947265625,27171.513671875,12732238816,-0.0057549433066925,0.0104491539165948,0.0215709168106657,-622.125,-3278.705078125,40.53264431013024,30805.08016447318,-0.122331438637002,-0.9339041306947772,0.0133059491984704,2,0.99999,0.000127,-0.0154044643020546,SELL,1.0,-0.0133059491984704
2023-05-17,27398.802734375,27465.927734375,26600.14453125,27035.470703125,15140006925,0.0133059491984704,0.012212805958273,0.021242588286892,-222.953125,-2046.2421875,44.75903041386528,30803.889976007835,-0.1105408194966593,-0.4227011104569987,-0.0208963229384923,2,0.999969,0.000351,-0.012349374910935,SELL,1.0,0.0208963229384923
2023-05-18,26832.208984375,27466.52734375,26415.1015625,27401.650390625,15222938600,-0.0208963229384923,0.01167869602536,0.0204799092129523,-168.580078125,-3565.34375,39.97253746569303,30802.495118164097,-0.1288949521315835,-0.3774214712488304,0.0021562704301694,2,0.999943,0.000615,-0.0002114690810996,HOLD,0.0,0.0
2023-05-19,26890.12890625,27128.619140625,26700.2109375,26826.75390625,11258983301,0.0021562704301694,0.0113592748119633,0.0182851926126784,85.138671875,-1932.55078125,40.67100244372105,30801.479143270542,-0.1269857924298771,-1.1174106713038376,0.0088656002854343,2,0.999989,0.000131,-0.0182768793715732,SELL,1.0,-0.0088656002854343
2023-05-20,27129.5859375,27155.158203125,26843.27734375,26888.841796875,7044911360,0.0088656002854343,0.0117626263730278,0.0180731863524623,345.5078125,-1116.40234375,43.59320542952195,30800.882603621467,-0.1191945280714068,-1.8116229278682048,-0.0139473668145369,2,0.999991,0.000116,-0.0052155056925006,HOLD,0.0,-0.0
2023-05-21,26753.826171875,27265.91796875,26706.921875,27118.423828125,8647416921,-0.0139473668145369,0.0129883062477216,0.0171102225128996,-176.8125,-523.083984375,40.24350097646947,30800.07571646724,-0.1313714155069078,-1.3843865382203566,0.0036358955711424,2,0.99998,0.000235,0.0025916446041261,HOLD,0.0,0.0
2023-05-22,26851.27734375,27045.734375,26549.734375,26749.892578125,11056770492,0.0036358955711424,0.0123491918743219,0.0167011865908812,-341.416015625,-966.22265625,41.4989888780232,30799.06931862301,-0.1281789372929502,-0.8927073790502603,0.0138489626434261,2,0.999983,0.000206,-0.0140584621498233,SELL,1.0,-0.0138489626434261
2023-05-23,27225.7265625,27434.68359375,26816.1796875,26855.9609375,13697203143,0.0138489626434261,0.0134756409670294,0.0168664784881915,189.076171875,-365.658203125,46.17823479584422,30797.941482706672,-0.1159887560086606,-0.3901336750271955,-0.0332704001878959,2,0.999938,0.000661,-0.0028133902881518,HOLD,0.0,-0.0
2023-05-24,26334.818359375,27224.603515625,26106.576171875,27224.603515625,16299104428,-0.0332704001878959,0.01733138100913,0.017899921081572,-1063.984375,-1190.521484375,38.32393753914442,30796.26584981698,-0.1448697550605309,0.1227949345122358,0.0053545262051376,2,0.997991,0.01448,-0.0096274993047084,SELL,1.0,-0.0053545262051376
2023-05-25,26476.20703125,26591.51953125,25890.59375,26329.4609375,13851122697,0.0053545262051376,0.016293639826496,0.0170710786327191,-356.001953125,-1831.390625,40.06617887730913,30794.88796675328,-0.1402401898706631,-0.3273326022239456,0.0091393326620574,2,0.99985,0.001474,-0.0063466206553237,HOLD,0.0,0.0
2023-05-26,26719.291015625,26916.669921875,26343.94921875,26474.181640625,12711619225,0.0091393326620574,0.0167901574014829,0.0171605879303894,-170.837890625,-1703.41015625,43.04503598337149,30793.69534500274,-0.1323129388574321,-0.5274842525304354,0.0055633303448489,2,0.999877,0.001228,-0.0080350327529786,SELL,1.0,-0.0055633303448489
2023-05-27,26868.353515625,26888.8828125,26621.140625,26720.181640625,7892015141,0.0055633303448489,0.0165138166808403,0.0156405554247417,-261.232421875,-2605.43359375,44.8550429409871,30792.98233254176,-0.1274520530208352,-1.7466093114915553,0.0443094997536007,2,0.999627,0.003321,-0.0072939042921391,HOLD,0.0,0.0
2023-05-28,28085.646484375,28193.44921875,26802.751953125,26871.158203125,14545229578,0.0443094997536007,0.0226614675769765,0.017868065001755,1331.8203125,-1254.615234375,56.900695243857264,30792.076288986103,-0.087893709381954,0.1082004350563193,-0.0121711121073347,2,0.951534,0.193976,-0.0026183760886788,HOLD,0.0,-0.0
2023-05-29,27745.884765625,28432.0390625,27563.876953125,28075.591796875,15181308984,-0.0121711121073347,0.023804344343288,0.0179731891315226,894.607421875,-1502.603515625,53.3948866295155,30791.012633180864,-0.0988966457138986,0.2473169433757583,-0.0015702994220325,2,0.972211,0.126983,-0.0103953334175437,SELL,1.0,0.0015702994220325
2023-05-30,27702.349609375,28044.759765625,27588.501953125,27745.123046875,13251081851,-0.0015702994220325,0.0235264911298428,0.0179672883311058,476.623046875,-1566.45703125,52.9447504891247,30790.0715582348,-0.1002830390640644,-0.2852690588580772,-0.017577792723265,2,0.990973,0.051486,-0.0104442050464926,HOLD,0.0,-0.0
2023-05-31,27219.658203125,27831.677734375,26866.453125,27700.529296875,15656371534,-0.017577792723265,0.0200417976109174,0.0166642667100298,884.83984375,-871.91015625,48.10271522360586,30788.786698709624,-0.1159229991915923,0.433372549686511,-0.014792581991188,2,0.994619,0.033486,-0.0070142623220087,HOLD,0.0,-0.0
2023-06-01,26819.97265625,27346.10546875,26671.720703125,27218.412109375,14678970415,-0.014792581991188,0.0213402462448466,0.0163208218352562,343.765625,-1860.564453125,44.47560721064639,30787.448083139843,-0.1288666542344104,0.1683531244101639,0.0158916110657963,2,0.99594,0.026411,-0.0151228600408006,SELL,1.0,-0.0158916110657963
2023-06-02,27249.58984375,27303.861328125,26574.64453125,26824.556640625,14837415000,0.0158916110657963,0.021871029318741,0.0164731063549328,530.298828125,-1756.71875,48.93298323243383,30786.242352878544,-0.11487769337325,0.2663649851732305,-0.0064229154344191,2,0.996356,0.024095,-0.0109795707928842,HOLD,0.0,-0.0
2023-06-03,27075.12890625,27317.052734375,26958.00390625,27252.32421875,8385597470,-0.0064229154344191,0.0220874539850415,0.016480691061657,206.775390625,-1772.58203125,47.27334649586631,30785.527681994176,-0.1205241246494635,-1.5534420514152936,0.0016214839752998,2,0.999196,0.006535,-0.0087654197972473,SELL,1.0,-0.0016214839752998
2023-06-04,27119.06640625,27407.01953125,26968.224609375,27075.123046875,9360912318,0.0016214839752998,0.0115441999243109,0.0157758193760995,-966.580078125,-2415.318359375,47.75394966933192,30784.73965739442,-0.1190743625556026,-1.1883307246256694,-0.0514103456988917,2,0.998396,0.011932,-0.017552201819234,HOLD,0.0,-0.0
2023-06-05,25760.09765625,27129.982421875,25445.16796875,27123.109375,21513292646,-0.0514103456988917,0.0211419991869655,0.0178077350989301,-1985.787109375,-3144.525390625,36.632099357484016,30782.25897000676,-0.1631511617990801,2.1279719739734304,0.0558151185623361,0,0.999412,0.004986,-0.0166164702798501,HOLD,0.0,0.0
2023-06-06,27238.783203125,27313.8203125,25434.8671875,25732.109375,21929670693,0.0558151185623361,0.0330199280733212,0.0207151745813707,-463.56640625,-1216.1953125,50.21806625317186,30780.476578522408,-0.1150629804695319,1.999849644758592,-0.0333254241208089,0,0.999522,0.004136,-0.0052588637610907,HOLD,0.0,-0.0
2023-06-07,26345.998046875,27332.181640625,26146.98828125,27235.650390625,19530045082,-0.0333254241208089,0.0347182569017056,0.0210101096365202,-873.66015625,-1348.275390625,44.07395497583797,30778.490973702243,-0.1440126785492652,1.3865545045169527,0.0061383660637044,0,0.99954,0.004005,-0.0097581909161688,HOLD,0.0,0.0
2023-06-08,26508.216796875,26797.513671875,26246.6640625,26347.654296875,11904824295,0.0061383660637044,0.0346013283890072,0.0210583810435862,-311.755859375,-1150.55859375,45.38156168062653,30777.32575554052,-0.1387095484700128,-0.5007834959627215,-0.00105086013774,0,0.999763,0.002379,-0.0041979798457242,HOLD,0.0,-0.0
2023-06-09,26480.375,26770.2890625,26339.314453125,26505.923828125,11015551640,-0.00105086013774,0.0337502290229786,0.0210584832510559,-769.21484375,-1141.380859375,45.18628492064636,30776.241115872814,-0.1395838465035038,-0.6717615069188712,-0.0240453146774719,0,0.999668,0.0032,-0.0001131271633824,HOLD,0.0,-0.0
2023-06-10,25851.240234375,26531.044921875,25501.8359375,26481.76171875,19872933189,-0.0240453146774719,0.0345997414817536,0.0211054603816531,-1223.888671875,-1149.548828125,40.9031747200962,30773.99935433258,-0.1599648801989241,1.556314717035112,0.0034340762243438,0,0.999637,0.003262,-0.0040576021590041,HOLD,0.0,0.0
2023-06-11,25940.16796875,26203.439453125,25668.986328125,25854.03125,10732609603,0.0034340762243438,0.034678289802324,0.0210940767108828,-1178.8984375,-864.822265625,41.74374379929226,30772.811368637736,-0.1570426355264033,-0.6949656681040067,-0.0014531650030546,0,0.995096,0.031375,-0.0005452650402736,HOLD,0.0,-0.0
2023-06-12,25902.5,26087.919921875,25675.197265625,25934.28515625,11677889997,-0.0014531650030546,0.0284383407934369,0.0210940903700222,142.40234375,-881.578125,41.47464510240963,30771.509343498536,-0.1582310860720671,-0.4691238097958883,0.0006263269559741,0,0.700845,0.610172,-0.0056964010872785,HOLD,0.0,0.0
2023-06-13,25918.728515625,26376.3515625,25728.365234375,25902.94140625,14143474486,0.0006263269559741,0.0152168357542786,0.0210605989427676,-1320.0546875,-1011.91015625,41.649170450513886,30769.93860294624,-0.1576607009172495,0.1428188282185714,-0.0311153540326201,2,0.981042,0.093973,-0.0042832652202281,HOLD,0.0,-0.0
2023-06-14,25124.67578125,26041.80078125,24902.15234375,25920.2578125,14265717766,-0.0311153540326201,0.0145920296182996,0.0216378115280123,-1221.322265625,-2068.017578125,35.993391151260084,30768.09616148773,-0.1834179258481898,0.1766648144112139,0.0178193754101164,2,0.996281,0.024526,-0.0090299180065391,SELL,1.0,-0.0178193754101164
2023-06-15,25576.39453125,25735.30859375,24797.16796875,25121.673828125,15837384409,0.0178193754101164,0.0168143616654711,0.0219465254660884,-931.822265625,-1460.255859375,40.90935085905266,30766.215754917463,-0.1686857189395468,0.5643136052376555,0.0289427732653721,2,0.997286,0.01875,-0.0081763001923785,SELL,1.0,-0.0289427732653721
2023-06-16,26327.462890625,26463.173828125,25245.357421875,25575.283203125,16324646965,0.0289427732653721,0.0212566156540024,0.0224976747433828,-152.912109375,-1071.33984375,48.053287535735365,30764.55921757045,-0.1442275280320385,0.678910696018096,0.0069349007932065,2,0.989246,0.05944,-0.00755995521002,SELL,1.0,-0.0069349007932065
2023-06-17,26510.67578125,26769.39453125,26174.4921875,26328.6796875,11090276850,0.0069349007932065,0.0186865766611121,0.0222352929997536,659.435546875,-321.533203125,49.652328068966845,30763.480980284417,-0.1382420019945057,-0.6586545989697888,-0.0066026034383138,2,0.999339,0.005501,0.001466399498501,HOLD,0.0,-0.0
2023-06-18,26336.212890625,26675.92578125,26325.890625,26510.45703125,9565695129,-0.0066026034383138,0.0190821558458247,0.0222580380675488,396.044921875,-553.916015625,48.13291692727394,30762.5132734878,-0.1438861754731054,-1.0299977077890463,0.0193592472017419,2,0.997282,0.018773,-0.004793899520302,HOLD,0.0,0.0
2023-06-19,26851.029296875,26984.611328125,26312.83203125,26335.44140625,12826986222,0.0193592472017419,0.0200227365681033,0.0224946428587994,948.529296875,-278.556640625,52.72973894963259,30761.36715281634,-0.1271184676713346,-0.2493915533957734,0.05352849528514,2,0.900627,0.323724,-0.0029455174464828,HOLD,0.0,0.0
2023-06-20,28327.48828125,28388.96875,26668.791015625,26841.6640625,22211859147,0.05352849528514,0.026854420023252,0.0243817984071643,2408.759765625,1573.662109375,62.88826713135037,30760.132832922194,-0.0790843318162971,2.080344590211703,0.0582742132068211,0,0.999601,0.003656,-0.0009401262941187,BUY,0.8527230188333914,0.04969176300586117
2023-06-21,30027.296875,30737.330078125,28283.41015625,28311.310546875,33346760979,0.0582742132068211,0.0236062516612575,0.0264670599544166,4902.62109375,3176.01953125,70.69611449835168,30759.575295849765,-0.0238065192320313,3.570122874672827,-0.0038377235796951,0,0.999359,0.005354,-0.0008409922122719,BUY,0.8923780076287577,-0.0034247001218782173
2023-06-22,29912.28125,30495.998046875,29679.158203125,29995.935546875,20653160491,-0.0038377235796951,0.0260663548648099,0.0264307662587732,4335.88671875,2686.5546875,69.6286593863104,30759.17624392616,-0.0275330843456314,1.0436349762377242,0.0258459057681537,0,0.993588,0.039724,-0.0065994346032918,BUY,0.7863213137948929,0.02032318657983362
2023-06-23,30695.46875,31389.5390625,29845.21484375,29896.3828125,24115570085,0.0258459057681537,0.0259623055452091,0.0258194619037953,4368.005859375,4360.650390625,72.65630389886527,30759.14122861231,-0.0020700343400055,1.579106466515385,-0.0047930679024939,0,0.980773,0.096033,-0.0012687718628815,BUY,0.769528623976013,-0.0036884029476297255
2023-06-24,30548.6953125,30804.1484375,30290.146484375,30708.73828125,12147822496,-0.0047930679024939,0.0274282170506779,0.0258825065756239,4038.01953125,4072.48828125,71.22335808788002,30759.0829795841,-0.0068398549860455,-0.5837701488702198,-0.0022426607224285,0,0.728671,0.585473,-0.0011320265877037,BUY,0.4095263118595961,-0.000918428574408521
2023-06-25,30480.26171875,31041.271484375,30327.943359375,30545.150390625,12703464114,-0.0022426607224285,0.0267580329207579,0.0258996536228837,4144.048828125,3760.970703125,70.52495548099402,30759.002298428768,-0.0090620813046659,-0.4831530645518678,-0.0068848359381765,0,0.546298,0.689639,0.0024601773896072,BUY,0.3503734470547451,-0.00241226370006529
2023-06-26,30271.130859375,30636.029296875,29955.744140625,30480.5234375,16493186997,-0.0068848359381765,0.028769029541248,0.0259797960473342,3420.1015625,3402.77734375,68.32017264736078,30758.81907926148,-0.0158552322385904,0.1558998064566528,0.0136825634152429,0,0.451104,0.688567,0.0014017936883979,BUY,0.325536241070651,0.004454170262408983
2023-06-27,30688.1640625,31006.787109375,30236.650390625,30274.3203125,16428827944,0.0136825634152429,0.0238953925306917,0.0249203093315586,2360.67578125,2602.517578125,70.31324438402635,30758.79265833265,-0.002296208327069,0.1321709567895883,-0.0198089179130376,2,0.876205,0.374426,0.0040666700161088,BUY,0.6512322998297622,-0.012900207169646448
2023-06-28,30086.24609375,30703.279296875,29921.822265625,30696.560546875,14571500779,-0.0198089179130376,0.0149287151886226,0.0251183877992762,58.94921875,2340.361328125,64.04985209220484,30758.569670523288,-0.021858089760838,-0.2115805025559042,0.011865197537731,2,0.997834,0.015451,-0.0028431171199613,BUY,1.0,0.011865197537731
2023-06-29,30445.3515625,30796.25,30057.203125,30086.1875,13180860821,0.011865197537731,0.0153797959937919,0.0251593778003697,533.0703125,2743.001953125,65.99598318900993,30758.475759865443,-0.0101800947423414,-0.4712073806082607,0.0010472432791648,2,0.999918,0.000857,0.0008303567355543,BUY,1.0,0.0010472432791648
2023-06-30,30477.251953125,31256.86328125,29600.275390625,30441.353515625,26387306197,0.0010472432791648,0.0114718340189403,0.024858326686239,-218.216796875,3257.59375,66.17117627921748,30758.307061534186,-0.0091375350355568,1.8149958546021128,0.0036951443630783,2,0.998611,0.010527,0.0024748255117519,BUY,1.0,0.0036951443630783
2023-07-01,30590.078125,30641.2890625,30328.865234375,30471.84765625,9086606733,0.0036951443630783,0.0114550439186416,0.0246102524733268,41.3828125,3770.10546875,66.82225301453906,30758.272317809377,-0.0054682587848729,-1.1641981228551843,0.0010028094691439,2,0.999991,0.000116,0.0047006659483101,BUY,1.0,0.0010028094691439
2023-07-02,30620.76953125,30766.140625,30264.01953125,30587.26953125,10533418042,0.0010028094691439,0.0114055854361044,0.0245201522950233,140.5078125,3371.1796875,67.00826547922851,30758.23940607249,-0.004469367476064,-0.8794358120926334,0.0173424263179603,2,0.999991,0.000117,0.0008653825544251,BUY,1.0,0.0173424263179603
2023-07-03,31156.439453125,31375.61328125,30586.513671875,30624.515625,15271884873,0.0173424263179603,0.0123706343209086,0.0245594130658681,885.30859375,4081.310546875,70.1535045183987,30758.377544098432,0.0129415769234207,-0.1193776764207485,-0.0122343790504439,2,0.999966,0.000388,0.009275599675046,BUY,1.0,-0.0122343790504439
2023-07-04,30777.58203125,31325.197265625,30659.35546875,31156.865234375,12810828427,-0.0122343790504439,0.0128980814282136,0.024748476453939,89.41796875,3658.515625,65.40432895459008,30758.38313102372,0.000624184312436,-0.5783073567064839,-0.0085955335212928,2,0.999974,0.000296,-0.0009990974553883,BUY,1.0,-0.0085955335212928
2023-07-05,30514.166015625,30877.330078125,30225.61328125,30778.724609375,12481622280,-0.0085955335212928,0.0104272762183367,0.0225684159101145,427.919921875,4754.068359375,62.24894710027363,30758.31392928796,-0.0079376234413967,-0.5895395404286597,-0.0200202996399463,2,0.999988,0.000153,0.0010636592111749,BUY,1.0,-0.0200202996399463
2023-07-06,29909.337890625,31460.052734375,29892.2265625,30507.150390625,21129219509,-0.0200202996399463,0.0122189676213687,0.0209438555488024,-536.013671875,2670.5546875,55.61445610771551,30757.906886120145,-0.0275886456980618,0.9698895652135976,0.014370909980298,2,0.999457,0.004626,-0.0065698642037977,BUY,1.0,0.014370909980298
2023-07-07,30342.265625,30434.64453125,29777.28515625,29907.998046875,13384770155,0.014370909980298,0.0138052120988745,0.0198645553053386,-134.986328125,3996.267578125,58.98418569358216,30757.78068614492,-0.0135092666595443,-0.3903881231800383,-0.0016401345457067,2,0.999959,0.000454,-0.0007782074361203,BUY,1.0,-0.0016401345457067
2023-07-08,30292.541015625,30374.4375,30080.16015625,30346.921875,7509378699,-0.0016401345457067,0.0136730040560334,0.0198959747723302,-297.537109375,3784.32421875,58.43544080956622,30757.701447604068,-0.0151233808147683,-1.3889124902607295,-0.004012544787339,2,0.999986,0.000172,0.000978668475409,BUY,1.0,-0.004012544787339
2023-07-09,30171.234375,30427.58984375,30085.591796875,30291.611328125,7903327692,-0.004012544787339,0.0136577310732979,0.0199315179759339,-449.53515625,3690.859375,57.04125127282356,30757.59634063687,-0.0190639723320046,-1.2764679881795489,0.008029538805166,2,0.999985,0.000185,-0.001981305811924,BUY,1.0,0.008029538805166
2023-07-10,30414.470703125,31026.083984375,29985.39453125,30172.423828125,14828209155,0.008029538805166,0.0117698276034178,0.0192028021265149,-741.96875,4563.23046875,59.14603857603616,30757.481002283832,-0.0111520933438392,-0.0512553804125732,0.0067659483655845,2,0.999973,0.000315,0.0002906692912244,BUY,1.0,0.0067659483655845
2023-07-11,30620.951171875,30788.314453125,30358.09765625,30417.6328125,12151839152,0.0067659483655845,0.0115941217741023,0.019200563223584,-156.630859375,4680.783203125,60.897483643928815,30757.443402805595,-0.0044376975401715,-0.5302269599604871,-0.0075166695389679,2,0.999986,0.000171,0.0053068695542716,BUY,1.0,-0.0075166695389679
2023-07-12,30391.646484375,30959.96484375,30228.8359375,30622.24609375,14805659717,-0.0075166695389679,0.0114787159233879,0.0193082163646673,-122.51953125,4489.146484375,57.92742380349197,30757.320705686943,-0.0118890141573459,-0.0826893281453578,0.0350591179994657,2,0.999922,0.000816,0.0032583807200577,BUY,1.0,0.0350591179994657
2023-07-13,31476.048828125,31814.515625,30268.3515625,30387.48828125,23686079548,0.0350591179994657,0.0144269246842897,0.0200290730964356,1566.7109375,5557.3203125,66.29843802792118,30757.706176406864,0.0233548837354181,1.3833952445290378,-0.036955452769762,2,0.987801,0.065881,-0.0111936300787758,BUY,1.0,-0.036955452769762
2023-07-14,30334.068359375,31582.25390625,29966.38671875,31474.720703125,20917902660,-0.036955452769762,0.0215266472212806,0.0204313706055739,-8.197265625,5209.392578125,54.09255091905364,30757.50561804198,-0.0137669570453918,0.8615903521500968,-0.0012621409438578,2,0.96213,0.161116,-0.0082754792957679,BUY,1.0,-0.0012621409438578
2023-07-15,30295.806640625,30407.78125,30263.462890625,30331.783203125,8011667756,-0.0012621409438578,0.0215224339213255,0.0203566500477772,3.265625,4719.412109375,53.73559172698516,30757.42191696917,-0.015008256465393,-1.2373642246575596,-0.0015417915284865,2,0.998214,0.013085,0.0019830108013611,BUY,1.0,-0.0015417915284865
2023-07-16,30249.1328125,30437.560546875,30089.669921875,30297.47265625,8516564470,-0.0015417915284865,0.0214655514365453,0.0199095092617259,77.8984375,3921.669921875,53.27375544196912,30757.323981336536,-0.0165226067503436,-1.088370069948842,-0.0034189652941136,2,0.999619,0.003383,-0.0053994310118944,BUY,1.0,-0.0034189652941136
2023-07-17,30145.888671875,30336.400390625,29685.783203125,30249.626953125,13240156074,-0.0034189652941136,0.0212192743643318,0.0199578322213369,-268.58203125,3635.212890625,52.20491209402282,30757.14088525768,-0.0198735056572069,-0.3431627522973291,-0.0096438864949102,2,0.999493,0.00435,-0.0026051040571667,BUY,1.0,-0.0096438864949102
2023-07-18,29856.5625,30233.65625,29556.427734375,30147.0703125,13138897269,-0.0096438864949102,0.0210899508826563,0.0200226532676684,-764.388671875,3520.349609375,49.22441760559256,30756.87334642773,-0.0292718585627071,-0.3838408765809856,0.0019193869502834,2,0.999455,0.004644,-0.0063966873752664,BUY,1.0,0.0019193869502834
2023-07-19,29913.923828125,30184.181640625,29794.26953125,29862.046875,12128602812,0.0019193869502834,0.0211002951496155,0.019818943118806,-477.72265625,3062.89453125,49.835903035934656,30756.642246586493,-0.0273995584987831,-0.5444441173315521,-0.0040836263076462,2,0.999611,0.003441,-0.0029889425565553,BUY,1.0,-0.0040836263076462
2023-07-20,29792.015625,30195.53125,29638.095703125,29915.25,14655207121,-0.0040836263076462,0.0133091394751715,0.017465775423271,-1684.033203125,1464.52734375,48.49911236668306,30756.32280263725,-0.0313531361933346,-0.0922691742338827,0.0039104582531672,2,0.999953,0.000519,-0.0078977160670712,BUY,1.0,0.0039104582531672
2023-07-21,29908.744140625,30045.998046875,29733.8515625,29805.111328125,10972789818,0.0039104582531672,0.004393771862704,0.0138341534498165,-425.32421875,-118.552734375,49.88527796214986,30756.112699339825,-0.0275512242720132,-0.704767021686173,-0.0045891552191319,2,0.999998,3.1e-05,0.0075441540136199,BUY,1.0,-0.0045891552191319
2023-07-22,29771.802734375,29991.615234375,29664.12109375,29908.697265625,7873300598,-0.0045891552191319,0.0044776254910074,0.0138417727009673,-524.00390625,-140.478515625,48.24471592190243,30755.93765532384,-0.0319982089955395,-1.245171219405994,0.0104496587833917,2,0.999999,2.1e-05,0.006150843126071,BUY,1.0,0.0104496587833917
2023-07-23,30084.5390625,30330.640625,29741.52734375,29790.111328125,9220145050,0.0104496587833917,0.0066626890800602,0.0131105337378758,-164.59375,-610.9296875,52.11751673164903,30755.79786204245,-0.0218254393058973,-0.93072920453101,-0.0306335381648588,2,0.999997,4.4e-05,-0.0014861059559615,BUY,1.0,-0.0306335381648588
2023-07-24,29176.916015625,30093.39453125,28934.294921875,30081.662109375,15395817395,-0.0306335381648588,0.0131962339553648,0.0141947619238761,-968.97265625,-1371.779296875,42.23892224961805,30755.249118356925,-0.0513191454459675,0.3764589580358355,0.0017284554802405,2,0.999456,0.004636,-0.0083573315320497,BUY,1.0,0.0017284554802405
2023-07-25,29227.390625,29353.16015625,29062.43359375,29178.970703125,10266772793,0.0017284554802405,0.0131814629225581,0.014206412329415,-629.171875,-1252.87109375,42.88725301003061,30754.89509363244,-0.0496670355721255,-0.704548943677262,0.0043556533334645,2,0.999977,0.000264,-0.0013114646233219,BUY,1.0,0.0043556533334645
2023-07-26,29354.97265625,29675.552734375,29113.912109375,29225.759765625,13497554655,0.0043556533334645,0.0133651962492116,0.0142049707953302,-558.951171875,-916.158203125,44.580518384675706,30754.46876617902,-0.0455054555020653,0.0067376171902284,-0.0049272385842934,2,0.999948,0.000561,-0.0021828100728157,BUY,1.0,-0.0049272385842934
2023-07-27,29210.689453125,29560.966796875,29099.3515625,29353.798828125,10770779217,-0.0049272385842934,0.0133835998048703,0.0139445295573324,-581.326171875,-1477.474609375,43.026904729978725,30754.0936972876,-0.0501853268496322,-0.5402042258982157,0.0037094442045335,2,0.999971,0.000327,-0.0086161916615131,BUY,1.0,0.0037094442045335
2023-07-28,29319.24609375,29521.513671875,29125.845703125,29212.1640625,11218474952,0.0037094442045335,0.0133669694455655,0.0135434680102879,-589.498046875,-767.0,44.59149158806416,30753.73069578929,-0.0466442467168933,-0.4189101864297855,0.0012840607690722,2,0.99997,0.000339,-0.0050170076193618,BUY,1.0,0.0012840607690722
2023-07-29,29356.91796875,29396.84375,29264.166015625,29319.4453125,6481775959,0.0012840607690722,0.0134233664111762,0.0133368269913866,-414.884765625,-1088.43359375,45.15437362398836,30753.52655135662,-0.0454129571213357,-1.3442683093229748,-0.0027837737874393,2,0.999986,0.000172,-0.0038448238905746,BUY,1.0,-0.0027837737874393
2023-07-30,29275.30859375,29443.169921875,29059.501953125,29357.09375,8678454527,-0.0027837737874393,0.0122583069584463,0.0133327742705479,-809.23046875,-1201.943359375,44.1089903546053,30753.23734939605,-0.0480576642665257,-0.8875732813357843,-0.0015450628224417,2,0.999986,0.000168,-0.0139958270620797,SELL,1.0,0.0015450628224417
2023-07-31,29230.111328125,29489.873046875,29131.578125,29278.314453125,11656781982,-0.0015450628224417,0.0034474231429317,0.0132988003757893,53.1953125,-1359.966796875,43.50822636140361,30752.83720128814,-0.0495149720071798,-0.1907284424805873,0.0151302338260884,2,0.999995,6e-05,-0.0012050163485282,HOLD,0.0,0.0
2023-08-01,29675.732421875,29675.732421875,28657.0234375,29230.873046875,18272392391,0.0151302338260884,0.0066409301753196,0.0136368935248244,448.341796875,-945.037109375,50.64563567525652,30752.39381647859,-0.0350106531878069,1.3234733597999468,-0.0178075075169093,2,0.999801,0.001897,-0.0040375079973956,BUY,1.0,-0.0178075075169093
2023-08-02,29151.958984375,29987.998046875,28946.509765625,29704.146484375,19212655598,-0.0178075075169093,0.0099076921199789,0.0135120430911368,-203.013671875,-2004.48046875,43.662833730149,30751.70140397336,-0.0520212653792112,1.4660075162172306,0.000916180779175,2,0.998831,0.009064,-0.0123369544693321,SELL,1.0,-0.000916180779175
2023-08-03,29178.6796875,29375.70703125,28959.48828125,29161.8125,12780357746,0.000916180779175,0.0097659643281441,0.0133885933457412,-32.009765625,-1598.90234375,44.086373749531695,30751.248827191845,-0.051138382981744,-0.0105336369617859,-0.0035908335462961,2,0.999977,0.000273,-0.0042759695025518,HOLD,0.0,-0.0
2023-08-04,29074.091796875,29302.078125,28885.3359375,29174.3828125,12036639988,-0.0035908335462961,0.0096736593643704,0.0133317794858846,-245.154296875,-1440.07421875,42.73220447064738,30750.794492526617,-0.054525508147736,-0.1777956777695191,-0.0011000318899209,2,0.999983,0.000199,-0.0036005637816473,HOLD,0.0,-0.0
2023-08-05,29042.126953125,29102.46484375,28957.796875,29075.388671875,6598366353,-0.0011000318899209,0.0096134264581523,0.0128704383672618,-314.791015625,-867.2109375,42.30451245920353,30750.54078907208,-0.0555571964625157,-1.361983364379196,-9.347994530765628e-06,2,0.999995,6.1e-05,0.0016813837247319,HOLD,0.0,-0.0
2023-08-06,29041.85546875,29160.822265625,28963.833984375,29043.701171875,7269806994,-9.347994530765628e-06,0.0096107988569649,0.0125425807900247,-233.453125,-1300.41015625,42.30064006361849,30750.26131191537,-0.0555574414745992,-1.128641422665976,0.0047652738023778,2,0.999995,7.1e-05,-0.0083659635334922,SELL,1.0,-0.0047652738023778
2023-08-07,29180.578125,29244.28125,28724.140625,29038.513671875,13618163710,0.0047652738023778,0.0098596131769127,0.0125938259626517,-49.533203125,-1111.962890625,45.06763618149869,30749.780518114443,-0.0510313363762072,0.3061423085678644,0.0198463869790533,2,0.999964,0.000403,0.0004417554119179,HOLD,0.0,0.0
2023-08-08,29765.4921875,30176.796875,29113.814453125,29180.01953125,17570561357,0.0198463869790533,0.011160457326803,0.0131540187405691,89.759765625,-405.7421875,54.89044046499125,30749.39168371664,-0.0319973645767327,1.1613600985350017,-0.0068771014170617,2,0.999656,0.00309,0.0004846634661023,HOLD,0.0,-0.0
2023-08-09,29561.494140625,30093.435546875,29376.80078125,29766.6953125,18379521213,-0.0068771014170617,0.0086700885063383,0.0131040625516476,409.53515625,-852.9765625,51.43588589513935,30748.90101264288,-0.0386162377487787,1.2904843913931687,-0.004471948989328,2,0.999703,0.002707,-0.00369843627123,HOLD,0.0,-0.0
2023-08-10,29429.591796875,29688.564453125,29354.447265625,29563.97265625,11865344789,-0.004471948989328,0.0090139751228685,0.0130363898523242,250.912109375,-1191.359375,49.27642320691072,30748.54929962468,-0.0428949505844093,-0.2051621811197927,-0.0010837469218066,2,0.999986,0.00017,-0.0009016826950314,HOLD,0.0,-0.0
2023-08-11,29397.71484375,29517.7734375,29253.517578125,29424.90234375,10195168197,-0.0010837469218066,0.0088389257096695,0.0129837962129914,323.623046875,-993.931640625,48.74381485721628,30748.23994362742,-0.0439220294349666,-0.5529015514517823,0.0006206039371356,2,0.999992,9.7e-05,-0.0006125079034096,HOLD,0.0,0.0
2023-08-12,29415.96484375,29465.11328125,29357.587890625,29399.787109375,6194358008,0.0006206039371356,0.008775628303893,0.0110549708157771,373.837890625,-2060.083984375,49.08312844731257,30748.054593963105,-0.0433227326997994,-1.4652068003889227,-0.0045333407244437,2,0.999997,4.6e-05,-0.0098116260394383,SELL,1.0,0.0045333407244437
2023-08-13,29282.9140625,29441.43359375,29265.806640625,29416.59375,7329897180,-0.0045333407244437,0.0090942228242711,0.0089255033834738,241.05859375,-1051.154296875,46.65807648492338,30747.81343285785,-0.0476423916632856,-1.1479264360935453,0.0042776140747162,2,0.999995,6.4e-05,-0.0087344429919264,SELL,1.0,-0.0042776140747162
2023-08-14,29408.443359375,29660.25390625,29124.10546875,29283.263671875,14013695304,0.0042776140747162,0.0090640060851993,0.0089807850821562,227.865234375,-887.36328125,49.20782850176655,30747.392079251807,-0.043546741018739,0.614296142609732,-0.0081291201187537,2,0.999949,0.000553,-0.0015012410516941,HOLD,0.0,-0.0
2023-08-15,29170.34765625,29439.12109375,29088.853515625,29408.048828125,12640195779,-0.0081291201187537,0.0043876705130597,0.0090747557802747,-595.14453125,-1078.78515625,44.8306390287468,30746.944708111707,-0.0512765436315292,0.2036755893880626,-0.0161935848387037,2,0.999954,0.000504,-0.0025347866306868,HOLD,0.0,-0.0
2023-08-16,28701.779296875,29221.9765625,28701.779296875,29169.07421875,14949271904,-0.0161935848387037,0.0066368477628288,0.0094729388715599,-859.71484375,-1444.109375,37.719582826960526,30746.258788790445,-0.0664952281173417,0.8202374363393764,-0.0736241200960619,2,0.983518,0.084054,-0.0104122893731414,SELL,1.0,0.0736241200960619
2023-08-17,26664.55078125,28745.947265625,25409.111328125,28699.802734375,31120851211,-0.0736241200960619,0.0270756098803726,0.0161715314931497,-2765.041015625,-3192.01171875,21.64439399307789,30743.410953674465,-0.1326742884376321,3.675579170384305,-0.0233342486538112,0,0.999777,0.0021,0.0031221892836598,HOLD,0.0,-0.0
2023-08-18,26049.556640625,26808.1953125,25668.921875,26636.078125,24026236529,-0.0233342486538112,0.0265953382229334,0.0165187647306865,-3348.158203125,-3864.3671875,19.01049805576295,30740.883967159407,-0.1526087321218924,2.025472698261561,0.0017891559507894,0,0.999588,0.003871,0.0098284123792782,HOLD,0.0,0.0
2023-08-19,26096.205078125,26249.44921875,25802.408203125,26047.83203125,10631443812,0.0017891559507894,0.0267297071948184,0.0165599742394752,-3319.759765625,-3695.810546875,19.807642401789195,30739.77777120176,-0.1510607112269706,-0.4009055171170522,0.0035718694201078,0,0.979155,0.102037,0.0067162580893701,HOLD,0.0,0.0
2023-08-20,26189.583984375,26260.681640625,26004.314453125,26096.861328125,9036580420,0.0035718694201078,0.0275287551335187,0.0165542188105327,-3093.330078125,-3719.16015625,21.473811684477823,30738.856833553426,-0.1479974637252158,-0.6764539320993982,-0.0025019588646069,0,0.970333,0.134299,0.0100380278300516,HOLD,0.0,-0.0
2023-08-21,26124.140625,26220.201171875,25846.087890625,26188.69140625,13371557893,-0.0025019588646069,0.0268083822786501,0.0165578963574216,-3284.302734375,-3647.662109375,21.142269171431025,30737.47519902652,-0.1500882731634583,0.0789077578873561,-0.0035464695192522,0,0.967483,0.144122,0.0089143471271875,HOLD,0.0,-0.0
2023-08-22,26031.65625,26135.5078125,25520.728515625,26130.748046875,14503820706,-0.0035464695192522,0.0271129866000893,0.0163218191831984,-3138.69140625,-4052.8828125,20.65688852542345,30735.9474824432,-0.1530550257196513,0.2569534636707425,0.0152484555491608,0,0.959242,0.171069,0.0096641389012169,HOLD,0.0,0.0
2023-08-23,26431.640625,26786.8984375,25804.998046875,26040.474609375,16985265785,0.0152484555491608,0.0296153329089765,0.0159656784864983,-2270.138671875,-2745.275390625,28.321324060445946,30734.311661942946,-0.1399956857426798,0.7036654192091633,-0.010239565761125,0,0.923884,0.269191,-0.0066163688037562,HOLD,0.0,-0.0
2023-08-24,26162.373046875,26554.91015625,25914.92578125,26431.51953125,12871532023,-0.010239565761125,0.0120069917660675,0.0159853686583248,-502.177734375,-3065.017578125,26.467735041825208,30732.99532930825,-0.1487203649842264,-0.0719171635119067,-0.0043939924369393,2,0.992316,0.045063,-0.0003694001864871,HOLD,0.0,-0.0
2023-08-25,26047.66796875,26248.103515625,25786.8125,26163.6796875,12406045118,-0.0043939924369393,0.0080774077578406,0.0159131159042808,-1.888671875,-3307.3046875,25.696206197307816,30731.69549555222,-0.1524168273592368,-0.1514540494256697,-0.0015062619864454,2,0.999965,0.00039,0.0085150262620852,HOLD,0.0,-0.0
2023-08-26,26008.462890625,26107.384765625,25983.87890625,26047.234375,6034817316,-0.0015062619864454,0.0080510369731695,0.0159183834168901,-87.7421875,-3202.2265625,25.423425387084592,30731.05817287543,-0.1536749973165193,-1.2701557348596018,0.0031183650409933,2,0.999996,5.4e-05,0.0118979500238447,HOLD,0.0,0.0
2023-08-27,26089.693359375,26165.373046875,25965.09765625,26008.2421875,6913768611,0.0031183650409933,0.0080147297278187,0.0159090411416081,-99.890625,-3229.552734375,27.14903066456735,30730.34079277546,-0.1510119091972924,-1.0653468790966252,0.0006305878251208,2,0.999994,7.3e-05,-0.0032294300440088,HOLD,0.0,0.0
2023-08-28,26106.150390625,26198.578125,25880.599609375,26089.615234375,11002805166,0.0006305878251208,0.0079746639635089,0.0159021583009318,-17.990234375,-3250.767578125,27.514966205724548,30729.203634026428,-0.1504449415110232,-0.3748677586461428,0.060249892570851,2,0.998506,0.011214,0.0064789482885392,HOLD,0.0,0.0
2023-08-29,27727.392578125,28089.337890625,25912.62890625,26102.486328125,29368391712,0.060249892570851,0.0239101623789258,0.0197540945231651,1695.736328125,-1547.916015625,52.71396336081959,30727.2345669522,-0.0976281149639672,2.516063300061484,-0.0156342893713229,0,0.999788,0.002008,-0.0121988441433718,HOLD,0.0,-0.0
2023-08-30,27297.265625,27760.16015625,27069.20703125,27726.083984375,16343655235,-0.0156342893713229,0.0253728182794368,0.0199143900325166,865.625,-1932.845703125,47.95111188711956,30725.982931473194,-0.1115901585352081,0.390781215265941,-0.0513291454495893,0,0.996019,0.026677,-0.0167932424503912,HOLD,0.0,-0.0
2023-08-31,25931.47265625,27456.078125,25752.9296875,27301.9296875,20181001451,-0.0513291454495893,0.0329889705661773,0.0215409170933822,-230.900390625,-3744.259765625,36.63274576194042,30723.82354782653,-0.1559815914225805,0.9898843014341716,-0.0050548143006733,0,0.999493,0.004364,-0.0064140375183006,HOLD,0.0,-0.0
2023-09-01,25800.724609375,26125.869140625,25362.609375,25934.021484375,17202862221,-0.0050548143006733,0.0330003558835345,0.0213944970070187,-246.943359375,-3351.234375,35.76248820199318,30721.93418480054,-0.1601855386390441,0.5290369895348122,0.0026349868784771,0,0.999756,0.002437,0.0060247179675724,HOLD,0.0,0.0
2023-09-02,25868.798828125,25970.28515625,25753.09375,25800.91015625,10100387473,0.0026349868784771,0.0330344168259758,0.021410607406382,-139.6640625,-3309.880859375,36.60689648720738,30720.84088635998,-0.1579397541943352,-0.5958750163076282,0.0038877655416867,0,0.999545,0.004196,-0.0037082522393654,HOLD,0.0,0.0
2023-09-03,25969.56640625,26087.1484375,25817.03125,25869.47265625,8962524523,0.0038877655416867,0.0330507835808154,0.0214591786348034,-120.126953125,-3104.525390625,37.90803055659498,30719.89130548068,-0.1546335191095932,-0.7548272859649979,-0.0060697125040342,0,0.998079,0.014309,-0.0016482910880266,HOLD,0.0,-0.0
2023-09-04,25812.416015625,26081.525390625,25657.025390625,25968.169921875,10680635106,-0.0060697125040342,0.0331041821447802,0.0214570860436062,-293.734375,-3229.7109375,36.6448306599264,30718.722766351668,-0.1597171467070526,-0.513421835212682,-0.0012573014244295,0,0.963633,0.156262,-0.0005702790187247,HOLD,0.0,-0.0
2023-09-05,25779.982421875,25858.375,25589.98828125,25814.95703125,11094740040,-0.0012573014244295,0.0191813934337619,0.0214504322573487,-1947.41015625,-3261.873046875,36.37542099057048,30717.501489918854,-0.160739605389595,-0.4749372856698751,-0.0010380138015933,2,0.959826,0.168504,-0.0059604262910933,HOLD,0.0,-0.0
2023-09-06,25753.236328125,25953.015625,25404.359375,25783.931640625,12752705327,-0.0010380138015933,0.0193108868598923,0.0213950234478784,-1544.029296875,-3427.341796875,36.13946438234117,30716.09085535124,-0.1615718142844869,-0.1977732221110179,0.0187321055019505,2,0.997327,0.018505,0.0026043357986358,HOLD,0.0,0.0
2023-09-07,26240.1953125,26409.302734375,25608.201171875,25748.3125,11088307100,0.0187321055019505,0.0083465644929124,0.0213528272262127,308.72265625,-3525.296875,43.34518833297824,30714.98526274393,-0.1456875174109776,-0.4367561274375828,-0.0128311498605087,2,0.99998,0.000236,-0.0090524421928884,SELL,1.0,0.0128311498605087
2023-09-08,25905.654296875,26414.005859375,25677.48046875,26245.208984375,10817356400,-0.0128311498605087,0.0097871895864635,0.021406153734836,104.9296875,-3655.83984375,40.005496462712586,30713.82661585334,-0.1565474852455063,-0.4429507628072315,-0.0003851855630789,2,0.999978,0.000254,-0.0038828417541775,HOLD,0.0,-0.0
2023-09-09,25895.677734375,25921.9765625,25810.494140625,25905.42578125,5481314132,-0.0003851855630789,0.0097479817592838,0.021418682670133,26.87890625,-3533.9140625,39.90674851254535,30713.23850771312,-0.1568561639023598,-1.2568956158980589,-0.0024532679048573,2,0.999994,8.2e-05,0.0028440119339641,HOLD,0.0,-0.0
2023-09-10,25832.2265625,25978.130859375,25640.26171875,25895.2109375,7899553047,-0.0024532679048573,0.0096365630244703,0.0214131291115393,-137.33984375,-3565.48828125,39.2432847913864,30712.380031467543,-0.1588985765338732,-0.8473741044234326,-0.0262618810674803,2,0.99999,0.000125,-0.0076932009126172,SELL,1.0,0.0262618810674803
2023-09-11,25162.654296875,25883.947265625,24930.296875,25831.71484375,14600006467,-0.0262618810674803,0.0136698423991022,0.0217593710660052,-649.76171875,-4253.310546875,33.00707920780431,30710.576601380733,-0.180651844363492,0.1830220743836251,0.0263051279529175,2,0.999384,0.005167,-0.006398404540903,HOLD,0.0,0.0
2023-09-12,25833.34375,26451.939453125,25133.078125,25160.658203125,18657279324,0.0263051279529175,0.0178129630288988,0.0225077979225305,53.361328125,-3449.5703125,42.81054684266923,30708.552108580232,-0.1587573501134902,0.7901187501805248,0.0151738529586858,2,0.996921,0.020879,-0.0121670174691275,SELL,1.0,-0.0151738529586858
2023-09-13,26228.32421875,26376.11328125,25781.123046875,25837.5546875,13072077070,0.0151738529586858,0.0186451700910288,0.0227357123884674,475.087890625,-3180.119140625,47.66747135659797,30707.24950325224,-0.145858888599836,-0.1241797534665099,0.0118008351309716,2,0.999336,0.005522,-0.0125167479877746,SELL,1.0,-0.0118008351309716
2023-09-14,26539.673828125,26774.623046875,26171.451171875,26228.27734375,13811359124,0.0118008351309716,0.0178117899664055,0.0228959097004078,299.478515625,-2630.673828125,51.18665074011776,30705.969666232588,-0.1356835782551192,-0.0089342889663352,0.0025972414093191,2,0.999634,0.003262,-0.0117916285478622,SELL,1.0,-0.0025972414093191
2023-09-15,26608.693359375,26840.498046875,26240.701171875,26533.818359375,11479735788,0.0025972414093191,0.0166414977078194,0.0227835380496114,703.0390625,-2093.0859375,51.95790921299325,30704.92410117496,-0.1334063138636194,-0.3731862841511677,-0.0015199103541191,2,0.999875,0.001249,-0.0141374300621711,HOLD,0.0,-0.0
2023-09-16,26568.28125,26754.76953125,26473.890625,26606.19921875,7402031417,-0.0015199103541191,0.0166947880871474,0.0184073491601268,672.603515625,-96.26953125,51.44536446587393,30704.243564691045,-0.1347032798895354,-1.0627384162626807,-0.0012840741866492,2,0.999935,0.000695,-0.0038464132490763,HOLD,0.0,-0.0
2023-09-17,26534.1875,26617.998046875,26445.07421875,26567.927734375,6774210670,-0.0012840741866492,0.0166291154527052,0.017881175031482,701.9609375,484.630859375,50.98838226053626,30703.61581331672,-0.135796003267744,-1.1428038360070616,0.0082605113897513,2,0.99994,0.000648,-0.0037187972382937,HOLD,0.0,0.0
2023-09-18,26754.28125,27414.734375,26415.515625,26532.994140625,15615339655,0.0082605113897513,0.0100250082465977,0.0179347886525539,1591.626953125,658.076171875,53.8390425764749,30702.24584108722,-0.1285887883095465,0.6214498429825165,0.0169311026624323,2,0.999908,0.000944,0.0012319720982132,HOLD,0.0,0.0
2023-09-19,27211.1171875,27488.763671875,26681.60546875,26760.8515625,13807690550,0.0169311026624323,0.0076313316417791,0.0181695247557137,1377.7734375,1021.533203125,59.150031465141645,30701.17533261118,-0.1136783236244377,0.2245260134366914,-0.0029114788993918,2,0.999971,0.000328,0.0040416266986477,HOLD,0.0,-0.0
2023-09-20,27132.0078125,27379.505859375,26864.08203125,27210.228515625,13281116604,-0.0029114788993918,0.0076312517354668,0.018172614144439,903.68359375,1007.8671875,57.907554949491605,30700.12294273848,-0.1162247831024549,0.1175005676676643,-0.021020467716698,2,0.999979,0.000249,0.0027184553593086,HOLD,0.0,-0.0
2023-09-21,26567.6328125,27152.939453125,26389.30078125,27129.83984375,13371443708,-0.021020467716698,0.0116603410229071,0.0186068911844749,27.958984375,535.9765625,49.86086105551441,30698.89653083365,-0.1345736878256928,0.1439796313538454,0.0004491505408555,2,0.999862,0.001363,0.0003271780575021,HOLD,0.0,0.0
2023-09-22,26579.568359375,26726.078125,26495.533203125,26564.056640625,10578746709,0.0004491505408555,0.0116133861485048,0.0184023695203116,-29.125,147.927734375,50.01903906013739,30697.92957889887,-0.1341576215731092,-0.3888395113212134,-6.686902016047694e-06,2,0.999975,0.000291,0.0017695817139264,HOLD,0.0,-0.0
2023-09-23,26579.390625,26634.185546875,26520.51953125,26578.556640625,7404700301,-6.686902016047694e-06,0.0115978497882882,0.0182969966794167,11.109375,417.017578125,50.01650861814525,30697.25299199318,-0.1341443277698903,-0.9911320308536026,-0.0122101270753157,2,0.999987,0.000156,0.0015302453687786,HOLD,0.0,-0.0
2023-09-24,26256.826171875,26716.05859375,26221.05078125,26579.373046875,8192867686,-0.0122101270753157,0.0125083308584042,0.0184246895878464,-277.361328125,209.158203125,45.51606326668071,30696.446027081787,-0.1446297676053428,-0.7930360007270146,0.0015851607862177,2,0.999973,0.000315,-0.0058553192275495,HOLD,0.0,0.0
2023-09-25,26298.48046875,26421.5078125,26011.46875,26253.775390625,11997833257,0.0015851607862177,0.0118786901031279,0.0184230772221684,-455.80078125,290.017578125,46.18940862393025,30695.27589988254,-0.1432401339370064,-0.0689832299289914,-0.0030935695955251,2,0.999957,0.000476,0.0011621009218961,HOLD,0.0,-0.0
2023-09-26,26217.25,26389.884765625,26090.712890625,26294.7578125,9985498161,-0.0030935695955251,0.0083059416211684,0.0184260268582156,-993.8671875,127.556640625,45.02091186563872,30694.28452340995,-0.1458588982582539,-0.5158457380383514,0.0051537828527894,2,0.99999,0.000122,0.0011170091315083,HOLD,0.0,0.0
2023-09-27,26352.716796875,26817.841796875,26111.46484375,26209.498046875,11718380997,0.0051537828527894,0.0092056578550452,0.0184484805957395,-779.291015625,246.56640625,47.41028782579309,30693.15684920244,-0.1414139338502166,-0.1559179308614332,0.0250632062349595,2,0.999981,0.000229,0.0008290385179537,HOLD,0.0,0.0
2023-09-28,27021.546875,27259.5,26327.322265625,26355.8125,14079002707,0.0250632062349595,0.0113658731774368,0.0153678377362743,453.9140625,-705.845703125,57.281501517828566,30692.01143548312,-0.1195902252349509,0.6044913027261677,-0.0040726745702974,2,0.999788,0.002005,0.0009431163340985,HOLD,0.0,-0.0
2023-09-29,26911.720703125,27225.9375,26721.763671875,27024.841796875,10396435377,-0.0040726745702974,0.0116221714298194,0.0151276385745381,332.15234375,-385.544921875,55.44124867807511,30691.140785547967,-0.1231436820426904,-0.3938159900358958,0.0020859581206851,2,0.999974,0.0003,0.0040859273776655,HOLD,0.0,0.0
2023-09-30,26967.916015625,27091.794921875,26888.96875,26911.689453125,5331172801,0.0020859581206851,0.0115956129420055,0.0116880963601453,388.525390625,1036.443359375,56.21634213805996,30690.701117769546,-0.1213000995923517,-1.826128863226076,0.0369761208563826,2,0.999981,0.000224,0.0105176504054115,BUY,1.0,0.0369761208563826
2023-10-01,27983.75,28047.23828125,26965.09375,26967.396484375,9503917434,0.0369761208563826,0.0156809161254577,0.013306360766169,1726.923828125,2183.025390625,67.292244786586,30690.131380964587,-0.0881840923836255,-0.4888862240763845,-0.0163191457885158,2,0.990099,0.055551,0.008173132044479,BUY,1.0,-0.0163191457885158
2023-10-02,27530.78515625,28494.458984375,27347.787109375,27976.798828125,19793041322,-0.0163191457885158,0.0183448528348293,0.0137524242573408,1232.3046875,1661.986328125,60.00324005600226,30688.747143379504,-0.1029029296104964,2.458947612252759,-0.0036683170659445,2,0.828042,0.458981,-0.0057852729096727,HOLD,0.0,-0.0
2023-10-03,27429.978515625,27667.19140625,27216.001953125,27508.251953125,11407814187,-0.0036683170659445,0.0183963804538764,0.0137872394069574,1212.728515625,1460.412109375,58.48494345512839,30687.92443258929,-0.106163775400349,0.0015426596423493,0.0133777193024828,2,0.991491,0.049032,0.0022609501792962,HOLD,0.0,0.0
2023-10-04,27799.39453125,27826.658203125,27248.10546875,27429.07421875,11143355314,0.0133777193024828,0.0185609363843683,0.0138603049451695,1446.677734375,1986.978515625,62.2542482586929,30687.212273557056,-0.0941049228116255,-0.0804339917275031,-0.0138906622558427,2,0.999172,0.006703,0.0093426446453057,BUY,1.0,-0.0138906622558427
2023-10-05,27415.912109375,28091.861328125,27375.6015625,27798.646484375,11877253670,-0.0138906622558427,0.0183023960165725,0.0141660611295317,394.365234375,1635.9296875,56.51765350141904,30686.35285157616,-0.1065763910758518,0.1268687665795925,0.0191718837881559,2,0.999281,0.005926,-0.0073988423149773,HOLD,0.0,0.0
2023-10-06,27946.59765625,28252.537109375,27215.552734375,27412.123046875,13492391599,0.0191718837881559,0.0190937501033296,0.0144909195373164,1034.876953125,2193.361328125,61.76800756739135,30685.535439340583,-0.0892582692097694,0.5905131104951344,0.0007955652201821,2,0.99843,0.011708,0.0033159351354682,HOLD,0.0,0.0
2023-10-07,27968.83984375,28028.091796875,27870.423828125,27946.78125,6553044316,0.0007955652201821,0.0191371511909989,0.014174247273226,1000.923828125,1728.64453125,61.975244412181766,30685.14183344552,-0.0885217348656627,-1.3449737699749844,-0.0012074286830624,2,0.999849,0.001484,0.0143956055393584,BUY,1.0,-0.0012074286830624
2023-10-08,27935.08984375,28102.169921875,27740.662109375,27971.677734375,7916875290,-0.0012074286830624,0.0130441824267178,0.0139076344405899,-48.66015625,2029.435546875,61.43110605917256,30684.66055522647,-0.0896073367514616,-0.918857659323336,-0.0126593877279259,2,0.999981,0.000229,-0.0002404034118674,BUY,1.0,-0.0126593877279259
2023-10-09,27583.677734375,27989.470703125,27302.5625,27934.47265625,12007668568,-0.0126593877279259,0.0123474435341425,0.0141738625920603,52.892578125,1688.0,55.925229231369855,30683.83766048003,-0.1010355992757044,0.1659626586362959,-0.0070090060125914,2,0.999909,0.000941,0.0051217595018381,BUY,1.0,-0.0070090060125914
2023-10-10,27391.01953125,27715.84765625,27301.654296875,27589.201171875,9973350678,-0.0070090060125914,0.0125874506231618,0.0142485909186024,-38.958984375,1558.79296875,53.1145755422624,30683.1120569953,-0.1072933058299329,-0.4543217297411505,-0.0190812208422717,2,0.999967,0.000377,0.0021107319256866,BUY,1.0,-0.0190812208422717
2023-10-11,26873.3203125,27474.115234375,26561.099609375,27392.076171875,13648094333,-0.0190812208422717,0.0127285767903041,0.0138118976769129,-926.07421875,1710.666015625,46.37058669633248,30681.96355214112,-0.1241329692986789,0.6482259205287633,-0.0043453816471778,2,0.999586,0.003637,-0.0050551621841361,BUY,1.0,-0.0043453816471778
2023-10-12,26756.798828125,26921.439453125,26558.3203125,26873.29296875,9392909295,-0.0043453816471778,0.0120927995634997,0.0130810378551851,-659.11328125,923.455078125,44.98608185255328,30681.14935887893,-0.1279075462542362,-0.5755005659356233,0.0039380057832304,2,0.999975,0.000295,0.0054752081549183,BUY,1.0,0.0039380057832304
2023-10-13,26862.375,27092.697265625,26686.322265625,26752.87890625,15165312851,0.0039380057832304,0.0080238154998578,0.0128246203124997,-1084.22265625,634.05078125,46.543471300809024,30679.87086269088,-0.1244299847211303,1.2470779541771877,-2.4866641728645303e-05,2,0.999745,0.002368,-0.0002083797425041,BUY,1.0,-2.4866641728645303e-05
2023-10-14,26861.70703125,26969.0,26814.5859375,26866.203125,5388116782,-2.4866641728645303e-05,0.0079192374156085,0.0126553339391522,-1107.1328125,322.033203125,46.53449547164025,30679.416749654803,-0.1244387971765388,-1.6947763954239332,0.0110307603158706,2,0.999997,4.6e-05,0.0042343937993144,BUY,1.0,0.0110307603158706
2023-10-15,27159.65234375,27289.169921875,26817.89453125,26858.01171875,7098201980,0.0110307603158706,0.0101352169753422,0.0127986353330853,-775.4375,550.958984375,51.06742505969179,30678.86535021956,-0.1147113156335937,-1.1053996935202708,0.0488543973047657,2,0.998838,0.009016,0.0004948116674757,BUY,1.0,0.0488543973047657
2023-10-16,28519.466796875,29448.138671875,27130.47265625,27162.62890625,27833876539,0.0488543973047657,0.0215910087778434,0.0155157058892576,935.7890625,1951.185546875,65.46039572348775,30677.539653542484,-0.0703469991739797,3.619422324324831,-0.0036433994327744,0,0.994437,0.03443,0.0059249030084309,BUY,1.0,-0.0036433994327744
2023-10-17,28415.748046875,28618.751953125,28110.185546875,28522.09765625,14872527508,-0.0036433994327744,0.0213208753097892,0.0155407845572453,1024.728515625,1881.560546875,63.91611918723691,30676.79794617512,-0.0737055380834501,0.6968205097431239,-0.0030807197496875,2,0.701675,0.609578,0.0026453472913503,BUY,0.8439601106373852,-0.00260000458078904
2023-10-18,28328.341796875,28889.009765625,28174.251953125,28413.53125,12724128586,-0.0030807197496875,0.0190105077746761,0.0155283164020535,1455.021484375,1574.060546875,62.57636031103859,30676.13925188205,-0.0765349718792599,0.2402531784595874,0.013724231161473,2,0.952954,0.189842,0.007413579176696,BUY,1.0,0.013724231161473
2023-10-19,28719.806640625,28892.474609375,28177.98828125,28332.416015625,14448058195,0.013724231161473,0.0183439308382601,0.0154320549372812,1963.0078125,1508.689453125,66.01249723837506,30675.51639641544,-0.0637547459842916,0.6245706119056232,0.0329857689825514,2,0.961936,0.16187,0.0092776909405214,BUY,1.0,0.0329857689825514
2023-10-20,29682.94921875,30104.0859375,28601.669921875,28732.8125,21536125230,0.0329857689825514,0.0199308445040153,0.0164146633841181,2820.57421875,2550.94140625,72.66304081243203,30675.04557465586,-0.0323421314400765,2.008004463290697,0.0079012999160777,2,0.886336,0.354156,0.0036017121743761,BUY,1.0,0.0079012999160777
2023-10-21,29918.412109375,30287.482421875,29481.751953125,29683.380859375,11541146996,0.0079012999160777,0.0191953678631642,0.0157930846610037,3056.705078125,3350.779296875,74.00237259513233,30674.853286213027,-0.0246599770104854,-0.0753788115575095,0.0025198299552359,2,0.974804,0.117752,0.0091395244802956,BUY,1.0,0.0025198299552359
2023-10-22,29993.896484375,30199.43359375,29720.3125,29918.654296875,10446520040,0.0025198299552359,0.0197786339023487,0.0157817353789386,2834.244140625,3414.328125,74.43479337261503,30674.69667964313,-0.0221941948563727,-0.3042606082059092,0.0981234055291609,2,0.942957,0.219028,0.0110392648691588,BUY,1.0,0.0981234055291609
2023-10-23,33086.234375,34370.4375,30097.828125,30140.685546875,38363572311,0.0981234055291609,0.036158335559103,0.0232967677129081,4566.767578125,6506.84375,85.25495146557824,30676.73168346849,0.0785449609297844,3.78991204642532,0.0243427517877734,0,0.999643,0.003195,0.0028198245728317,BUY,0.6630561346307849,0.01614061090667766
2023-10-24,33901.52734375,35150.43359375,32880.76171875,33077.3046875,44934999645,0.0243427517877734,0.0344584332295761,0.0231968794434216,5485.779296875,7644.701171875,86.83677503094623,30679.915954521843,0.1050071777903071,3.484420942192442,0.017581001125127,0,0.999271,0.005995,0.0006877373301902,BUY,0.6971508993618984,0.012256610746064838
2023-10-25,34502.8203125,35133.7578125,33709.109375,33916.04296875,25254318008,0.017581001125127,0.0324573487986662,0.023215862903525,6174.478515625,8204.33984375,87.87029568688813,30682.036322397274,0.1245283706060157,1.1776825991886095,-0.0100838184339324,0,0.999553,0.004181,-0.0022075579820737,BUY,0.7406341969296908,-0.007468420767800335
2023-10-26,34156.6484375,34832.91015625,33762.32421875,34504.2890625,19427195376,-0.0100838184339324,0.0353423657992773,0.0233764797041604,5436.841796875,7939.3984375,83.79136378804625,30683.518203345207,0.1131920469855422,0.4992461066829204,-0.0072531692565719,0,0.999629,0.003522,0.005873119472841,BUY,0.6758692837051336,-0.004902194310031346
2023-10-27,33909.80078125,34238.2109375,33416.88671875,34156.5,16418032871,-0.0072531692565719,0.0370156361851262,0.0235526255419271,4226.8515625,7557.083984375,80.90724149152871,30684.68062555001,0.1051052215617506,0.1497089830963069,0.0052875149613998,0,0.999685,0.003007,0.0102170518652812,BUY,0.6407624912439257,0.0033880412591560656
2023-10-28,34089.57421875,34399.390625,33874.8046875,33907.72265625,10160330825,0.0052875149613998,0.0371593799476779,0.0233461383316964,4171.162109375,7068.02734375,81.40911657924246,30685.439648561285,0.110936477012423,-0.5260390821832783,0.0130824822181374,0,0.999589,0.003902,0.0082674891419361,BUY,0.6434546864682118,0.008417984493897556
2023-10-29,34538.48046875,34743.26171875,33947.56640625,34089.37109375,11160323986,0.0130824822181374,0.0366057634216547,0.023256616674407,4544.583984375,7626.759765625,82.63649680717799,30686.382878621163,0.1255311714438832,-0.4192313525649674,-0.0010462557765204,0,0.988561,0.062526,0.0065437757273662,BUY,0.6240280735019017,-0.0006528929766122614
2023-10-30,34502.36328125,34843.93359375,34110.97265625,34531.7421875,17184860315,-0.0010462557765204,0.0129436574338145,0.0232925579791501,1416.12890625,7534.447265625,82.16647640068018,30687.82076869667,0.1243015117073539,0.2058397876947793,0.0047829388016928,2,0.99557,0.028431,0.0082192730277867,BUY,1.0,0.0047829388016928
2023-10-31,34667.78125,34719.25390625,34083.30859375,34500.078125,15758270810,0.0047829388016928,0.0101250430667893,0.0226545530235464,766.25390625,6684.03125,82.65312939292686,30689.195477864647,0.1296412535481749,0.0220246615087561,0.0219528756206894,2,0.999982,0.000217,0.0138493230844521,BUY,1.0,0.0219528756206894
2023-11-01,35437.25390625,35527.9296875,34170.69140625,34657.2734375,22446272005,0.0219528756206894,0.0112345245613345,0.0223637121316767,934.43359375,7906.46875,84.7393087106056,30691.53038796553,0.1546264867960223,0.7654953557227686,-0.014181643038139,2,0.999937,0.000673,0.0052719475154587,BUY,1.0,-0.014181643038139
2023-11-02,34938.2421875,35919.84375,34401.57421875,35441.578125,20998158544,-0.014181643038139,0.0121491491297902,0.0226402575124821,781.59375,7508.263671875,78.1734433196306,30693.483126706386,0.1382951241887648,0.5653810854575215,-0.0059112069551451,2,0.999927,0.000768,0.0068314929076981,BUY,1.0,-0.0059112069551451
2023-11-03,34732.32421875,34942.47265625,34133.44140625,34942.47265625,17158456701,-0.0059112069551451,0.0119653169295895,0.0227577633662893,822.5234375,6932.9296875,75.57129465541625,30695.000114131934,0.1315303498812918,0.1114552308902762,0.0100229586936839,2,0.999977,0.000273,0.0116354394424361,BUY,1.0,0.0100229586936839
2023-11-04,35082.1953125,35256.03125,34616.69140625,34736.32421875,9561294264,0.0100229586936839,0.0122194154562239,0.0224015369605021,992.62109375,7666.283203125,76.9737668545823,30695.91815020521,0.1428944767454517,-0.7347266773570448,-0.0009365213169939,2,0.999991,0.00011,0.0192214579260341,BUY,1.0,-0.0009365213169939
2023-11-05,35049.35546875,35340.33984375,34594.2421875,35090.01171875,12412743996,-0.0009365213169939,0.0116368580304557,0.0223633141347017,510.875,7102.7578125,76.52964594878034,30697.10047891313,0.1417806542616813,-0.4094512864479496,-0.0003419870125084,2,0.999991,0.000119,0.0166075709434461,BUY,1.0,-0.0003419870125084
2023-11-06,35037.37109375,35286.02734375,34765.36328125,35044.7890625,12693436420,-0.0003419870125084,0.0116081558905646,0.0223761201139903,535.0078125,7068.53125,76.35650352164319,30698.305552486363,0.1413454411627029,-0.4081026648704243,0.0115264053036002,2,0.999991,0.000118,0.0166075709434461,BUY,1.0,0.0115264053036002
2023-11-07,35443.5625,35892.41796875,34545.81640625,35047.79296875,18834737789,0.0115264053036002,0.0121266502364076,0.022325757637328,775.78125,7508.47265625,78.16004279709018,30700.259702815336,0.1545036701024937,0.2560948840203922,0.0059555252934752,2,0.999976,0.000282,0.0141215644212087,BUY,1.0,0.0059555252934752
2023-11-08,35655.27734375,35994.41796875,35147.80078125,35419.4765625,17295394918,0.0059555252934752,0.0091329721462974,0.0219897885399541,218.0234375,8071.599609375,79.0567749122833,30702.132756161467,0.161329006910587,0.0572791900698803,0.0286922398244658,2,0.99999,0.000126,0.0164699422948292,BUY,1.0,0.0286922398244658
2023-11-09,36693.125,37926.2578125,35592.1015625,35633.6328125,37762672382,0.0286922398244658,0.0114372434131091,0.0220842452359956,1754.8828125,9302.10546875,82.78770213604882,30707.07333279923,0.1949404817035061,2.1583418636149667,0.016778346050334,2,0.998273,0.012712,0.0118146742298992,BUY,1.0,0.016778346050334
2023-11-10,37313.96875,37493.80078125,36362.75390625,36702.25,22711265155,0.016778346050334,0.0103294629532503,0.0214309623040132,2581.64453125,10440.6484375,84.55969687251824,30710.348546014106,0.215029151951549,0.5035383863366135,-0.0047256823184078,2,0.999976,0.000278,0.0120614761935492,BUY,1.0,-0.0047256823184078
2023-11-11,37138.05078125,37407.09375,36773.66796875,37310.0703125,13924272142,-0.0047256823184078,0.0117835212338093,0.02144042665445,2055.85546875,10381.251953125,81.98416962727845,30712.30152286326,0.2092239571691882,-0.4638959852855266,-0.002251742592082,2,0.999992,9.9e-05,0.013381160311841,BUY,1.0,-0.002251742592082
2023-11-12,37054.51953125,37227.69140625,36779.1171875,37133.9921875,11545715999,-0.002251742592082,0.0119614261493566,0.0215395698518039,2005.1640625,10192.14453125,80.72685426367893,30713.8989515495,0.2064414091386667,-0.7048404581788393,-0.0150135370550292,2,0.999993,9.2e-05,0.015872657025982,BUY,1.0,-0.0150135370550292
2023-11-13,36502.35546875,37405.1171875,36399.60546875,37070.3046875,19057712790,-0.0150135370550292,0.014641264911515,0.0219670417548624,1464.984375,9640.6484375,72.78107450193248,30716.304490954248,0.1883706739363684,0.06033260603046,-0.0267843578397946,2,0.99906,0.007492,0.0004409361441303,BUY,1.0,-0.0267843578397946
2023-11-14,35537.640625,36753.3515625,34948.5,36491.7890625,23857403554,-0.0267843578397946,0.0187502556790079,0.0229806253052733,94.078125,8377.98828125,61.40841826017884,30718.811429178983,0.1568689988846293,0.5485016382635883,0.0638461992762783,2,0.876219,0.374503,0.0002456900136276,BUY,0.8999012001160511,0.05745527135157139
2023-11-15,37880.58203125,37964.89453125,35383.78125,35548.11328125,27365821679,0.0638461992762783,0.0306259567505967,0.0240176266267631,2225.3046875,9361.115234375,72.60456899136993,30723.08039810221,0.232968229109927,0.9546174660130294,-0.0466297561906654,0,0.999208,0.006887,-0.0007968214784381,BUY,0.7570285726888651,-0.0353000577738492
2023-11-16,36154.76953125,37934.625,35545.47265625,37879.98046875,26007385366,-0.0466297561906654,0.0352873575170423,0.0260248296393145,-538.35546875,7739.021484375,59.02136373424663,30726.155643242422,0.1766772892462869,0.7512518421650677,0.0121487469666794,0,0.999181,0.006692,-0.0105407117462298,BUY,0.6064499115266524,0.007367606523102409
2023-11-17,36596.68359375,36704.484375,35901.234375,36164.82421875,22445028430,0.0121487469666794,0.0349157367539754,0.0259490753864459,-717.28515625,8268.341796875,61.03174384098065,30729.022680322472,0.1909485041053688,0.3098939446607461,-0.0003000850156637,0,0.999432,0.005194,-0.0008111742801641,BUY,0.6154543036665302,-0.0001846886143560623
2023-11-18,36585.703125,36839.28125,36233.3125,36625.37109375,11886022717,-0.0003000850156637,0.0349145511474707,0.0259787030646896,-552.34765625,7865.896484375,60.951728282066576,30730.53697978726,0.1905325035180454,-0.8907739607418831,0.0216533913915043,0,0.999218,0.006903,-0.0067700488599979,BUY,0.6139066767135543,0.013293161548736289
2023-11-19,37386.546875,37509.35546875,36414.59765625,36585.765625,12915986553,0.0216533913915043,0.0360524218908544,0.0256846306699188,332.02734375,7703.59765625,64.5973075821824,30732.4065562138,0.2165186870938617,-0.7335171754045752,0.0024153344549947,0,0.999469,0.004824,0.0011356068144942,BUY,0.6023704536390844,0.001454926111345268
2023-11-20,37476.95703125,37756.8203125,36882.53125,37374.07421875,20888209068,0.0024153344549947,0.0353347644940438,0.0257026065594302,974.6015625,7558.544921875,64.99463945168542,30735.46893323993,0.2193390350624928,0.1371148716416191,-0.0453926219219483,0,0.99933,0.006029,0.0016958562011143,BUY,0.6135646458454359,-0.027851307993535978
2023-11-21,35813.8125,37631.140625,35813.8125,37469.16015625,25172163756,-0.0453926219219483,0.0385680909782182,0.0274522835627555,276.171875,5819.916015625,53.1723760341291,30738.2461482328,0.1651221845023517,0.5817004230498299,0.0442013894678362,0,0.999081,0.007357,-0.0018874691860503,BUY,0.5257227561068231,0.023237676294781948
2023-11-22,37432.33984375,37856.98046875,35670.97265625,35756.5546875,24397247860,0.0442013894678362,0.0336420624037437,0.0225307070383175,-448.2421875,4346.10546875,60.66997268774563,30741.79239838101,0.2176368690109733,0.5917326927622196,-0.0038199994154339,0,0.997287,0.019542,-0.0014598906440816,BUY,0.7269610154555702,-0.0027769906540835126
2023-11-23,37289.62109375,37643.91796875,36923.86328125,37420.43359375,14214948217,-0.0038199994154339,0.0274310495378731,0.0222436768789719,1134.8515625,3388.09375,59.761344951887054,30743.812835336223,0.2129146535425878,-0.7044437242104089,0.0114828809236324,2,0.620313,0.665005,-0.0013632953654473,BUY,0.41652060058646917,0.0047828564587742775
2023-11-24,37720.28125,38415.33984375,37261.60546875,37296.31640625,22922957823,0.0114828809236324,0.0274008997764627,0.0221350900533408,1123.59765625,3217.4609375,61.62882361228103,30747.28254353742,0.2267842270805225,0.683762254956665,0.0020263429356001,2,0.789835,0.514424,-0.0055511931820075,BUY,0.5332136983939016,0.001080473810905685
2023-11-25,37796.79296875,37892.4296875,37617.41796875,37721.4140625,9099571165,0.0020263429356001,0.0273495830402378,0.0219987915218152,1211.08984375,3640.14453125,61.96654295985852,30748.674035860684,0.229217003785901,-1.4059553793552306,-0.0084402498410913,2,0.947214,0.206732,0.0003133673127726,BUY,0.7727405380723067,-0.006522123203669592
2023-11-26,37479.12109375,37820.30078125,37162.75,37796.828125,13744796068,-0.0084402498410913,0.0265863558352164,0.0220196264689338,92.57421875,3569.3203125,59.62026104780944,30750.68014094143,0.218806248251086,-0.6759374808039206,-0.0060201767439216,2,0.986748,0.07048,-0.0007300773910364,BUY,0.9012189999506612,-0.0054254976646832525
2023-11-27,37254.16796875,37559.35546875,36750.12890625,37454.19140625,19002925720,-0.0060201767439216,0.0266683634539652,0.0220817618551047,-222.7890625,3164.59375,57.947044456974446,30753.35905842024,0.2113853286068875,0.0816463605321392,0.0153673136112338,2,0.994132,0.036002,0.0013334052862041,BUY,0.9228481069621909,0.014181696275221423
2023-11-28,37831.0859375,38368.48046875,36891.08984375,37247.9921875,21696137014,0.0153673136112338,0.0183438724212809,0.0221217859470522,2017.2734375,3292.60546875,60.97214420241469,30756.686148406778,0.2300117689844061,0.457064080494765,0.0007241750284948,2,0.999723,0.002549,0.0003335986640651,BUY,1.0,0.0007241750284948
2023-11-29,37858.4921875,38366.11328125,37612.6328125,37826.10546875,20728546658,0.0007241750284948,0.0089107344840012,0.0221128819841328,426.15234375,3356.12890625,61.11524523645854,30759.874241458703,0.2307752590377516,0.2837423598518672,-0.0038571889984724,2,0.999992,0.000107,0.0022025435049382,BUY,1.0,-0.0038571889984724
2023-11-30,37712.74609375,38141.75390625,37531.140625,37861.1171875,18115982627,-0.0038571889984724,0.0089145268420228,0.0221463699666307,423.125,3044.96484375,59.85827705438564,30762.601015144184,0.2259283951699765,-0.1462611703318716,0.0255507301146281,2,0.999995,6.7e-05,0.001510119020171,BUY,1.0,0.0255507301146281
2023-12-01,38688.75,38954.109375,37629.359375,37718.0078125,23512784002,0.0255507301146281,0.0124108340952002,0.0222630636020988,968.46875,3251.49609375,65.04323539329027,30766.633458308832,0.257490523050767,0.7101652190397723,0.0201524431387205,2,0.999948,0.000566,-0.0003165137799275,BUY,1.0,0.0201524431387205
2023-12-02,39476.33203125,39678.9375,38652.59375,38689.27734375,15534035612,0.0201524431387205,0.0138320977022513,0.0222357654190594,1679.5390625,4538.08984375,68.57106684631714,30769.559924041063,0.2829670664352306,-0.5327033210142833,0.0126377705204897,2,0.999987,0.000162,0.0040213367724336,BUY,1.0,0.0126377705204897
2023-12-03,39978.390625,40135.60546875,39298.1640625,39472.20703125,15769696322,0.0126377705204897,0.0123229903556231,0.0222065058439594,2499.26953125,5246.06640625,70.6074397277761,30772.699968004898,0.2991512173636527,-0.4864334082026762,0.0488565668865632,2,0.999809,0.001834,0.0086435433195518,BUY,1.0,0.0488565668865632
2023-12-04,41980.09765625,42371.75,39978.62890625,39978.62890625,39856129827,0.0488565668865632,0.0174140107488614,0.0236153056247653,4725.9296875,6897.90234375,77.00474054054885,30782.35011006506,0.3637716907950947,2.803435396535776,0.04882523455973,2,0.782693,0.523545,0.0020189814262431,BUY,0.7762196828723784,0.03789910808612311
2023-12-05,44080.6484375,44408.6640625,41421.1484375,41986.265625,36312154535,0.04882523455973,0.0210777123096065,0.0248289277064438,6249.5625,9031.29296875,81.5442456556193,30792.774276180025,0.431525722305538,2.0622329783439595,-0.0076105157033984,2,0.818794,0.473816,0.0057803754219113,BUY,0.6536567355057169,-0.004974664850198393
2023-12-06,43746.4453125,44265.76953125,43478.08203125,44080.0234375,29909761586,-0.0076105157033984,0.022646463500733,0.024944718040805,5887.953125,8709.07421875,78.87628959256074,30801.132591123944,0.4202869061089833,1.1397612449806025,-0.0104271600369865,2,0.983651,0.083559,0.0011244624353362,BUY,0.9232937331280087,-0.009627331516472451
2023-12-07,43292.6640625,44042.58984375,42880.6484375,43769.1328125,27635760671,-0.0104271600369865,0.0239311669854327,0.0251407333720176,5579.91796875,7849.1015625,75.27500952917886,30808.57547393871,0.4052147298768069,0.795435653578545,0.0199856832348002,2,0.997644,0.016637,-0.003400959635569,BUY,0.9180758095546017,0.018348372315291024
2023-12-08,44166.6015625,44705.515625,43125.296875,43293.13671875,24421116687,0.0199856832348002,0.023796939942695,0.025257247412861,5477.8515625,8511.32421875,77.41381738419798,30815.605116952425,0.4332543980518124,0.3483095104359875,-0.0100263491847279,2,0.999147,0.006939,0.009455158902011,BUY,0.9264164086427358,-0.009288574403513643
2023-12-09,43725.984375,44361.2578125,43627.59765625,44180.01953125,17368210171,-0.0100263491847279,0.026152939804816,0.0251065386840095,4249.65234375,7032.859375,73.94096369840108,30820.43522693304,0.4187335140805929,-0.5217016295558452,0.0012276882664226,2,0.994333,0.035228,0.0010291762190234,BUY,0.8282040542614199,0.0010167763996203714
2023-12-10,43779.69921875,44034.625,43593.28515625,43728.3828125,13000481418,0.0012276882664226,0.0266469566201493,0.0250334495143561,3801.30859375,6465.73046875,74.09354229052535,30824.06334257957,0.4203091504251433,-1.070521161954241,-0.0596686466968369,2,0.927744,0.260633,0.0015539721436673,BUY,0.6598067197078542,-0.03936977404644684
2023-12-11,41243.83203125,43808.375,40234.578125,43792.01953125,40632672038,-0.0596686466968369,0.0330848234768289,0.0276656515598181,-736.265625,4105.78125,57.096854210917286,30833.17285142259,0.3376447578065933,2.383534153493691,0.0049916781642923,0,0.99793,0.016188,-0.004934715699383,BUY,0.6036886083504192,0.003013419244334793
2023-12-12,41450.22265625,42048.3046875,40667.5625,41238.734375,24779520132,0.0049916781642923,0.0248749050291312,0.027645365959333,-2630.42578125,4395.703125,57.94247529009154,30838.830380077183,0.3440919174103338,0.3486686295895667,0.0341627495710368,2,0.541307,0.695764,-0.0047649771680723,BUY,0.34900163942915075,0.01192285560769936
2023-12-13,42890.7421875,43429.78125,40676.8671875,41468.46484375,26797884674,0.0341627495710368,0.0297399787152526,0.0279514838709706,-855.703125,6388.38671875,63.36929951575503,30845.77160748876,0.3904901693912224,0.573779293838656,0.0031014611592039,2,0.557201,0.690452,0.0020874105608318,BUY,0.291651683513529,0.0009045463684336385
2023-12-14,43023.97265625,43390.859375,41767.08984375,42884.26171875,25578530178,0.0031014611592039,0.029602652156397,0.0272905140000433,-268.69140625,7486.33203125,63.834104057396445,30852.462743478423,0.3945069155085321,0.4087636007559797,-0.0257616788095846,2,0.716124,0.598849,0.0019566605784919,BUY,0.3522528612123693,-0.00907462507031024
2023-12-15,41929.7578125,43087.82421875,41692.96875,43028.25,19639442462,-0.0257616788095846,0.0292739635079951,0.0256367596147648,-2236.84375,4049.17578125,57.39290025900917,30857.13386146617,0.3588351400601442,-0.3214462973527594,0.0073746285491585,2,0.800035,0.501776,-0.0115633668842834,BUY,0.4386774260576556,0.003235083070076154
2023-12-16,42240.1171875,42664.9453125,41723.11328125,41937.7421875,14386729590,0.0073746285491585,0.0297511508921654,0.0238365552558943,-1485.8671875,6085.34765625,58.66687115043711,30860.648996437416,0.3687371640297079,-0.937857105961986,-0.0209434224084723,2,0.894933,0.336843,-0.002596090902075,BUY,0.5712099917365464,-0.011963092140878463
2023-12-17,41364.6640625,42359.49609375,41274.54296875,42236.109375,16678702876,-0.0209434224084723,0.0301625660711909,0.0242650470265716,-2415.03515625,4767.98046875,53.78185481583476,30864.408114641617,0.3402059715143935,-0.6171079013717545,0.0299796695117895,2,0.935296,0.239796,-0.0158871489211618,BUY,0.614455943186645,0.01842118610629052
2023-12-18,42623.5390625,42720.296875,40530.2578125,41348.203125,25224642008,0.0299796695117895,0.0227391304743848,0.0247022882501383,1379.70703125,6037.8359375,59.06079663943359,30870.76923505037,0.3807086806928557,0.4185479722238043,-0.0083165707186152,2,0.993368,0.039888,0.0022465258792869,BUY,0.9643142670899408,-0.008019787797223078
2023-12-19,42270.52734375,43354.296875,41826.3359375,42641.51171875,23171001281,-0.0083165707186152,0.0232610989559126,0.0246152718882451,820.3046875,4883.98046875,57.09156191574432,30876.431081197345,0.3690224505736758,0.1105713922133725,0.0321647372447505,2,0.999399,0.005058,-0.0009911520692664,BUY,0.9739861021848413,0.031328007056814135
2023-12-20,43652.25,44275.5859375,42223.81640625,42261.30078125,27868908174,0.0321647372447505,0.0228201883631599,0.0251390376224262,761.5078125,6175.29296875,62.37899641835908,30884.05831352097,0.4134233770983764,0.6988325133922191,0.0049565656400486,2,0.999015,0.007804,-0.0049439623859761,BUY,0.96991814352892,0.004807462943875171
2023-12-21,43869.15234375,44240.66796875,43330.05078125,43648.125,22452766169,0.0049565656400486,0.0228389102573947,0.0232636774354322,845.1796875,8055.33984375,63.14672278816512,30890.30089742139,0.4201594374048986,-0.0038390755439591,0.0029305657871948,2,0.999845,0.001514,0.0029616126789237,BUY,1.0,0.0029305657871948
2023-12-22,43997.90234375,44367.95703125,43441.96875,43868.98828125,21028503216,0.0029305657871948,0.0191378051930646,0.0221678602070837,2068.14453125,6565.5625,63.62128279799412,30896.199994260176,0.4240554615753338,-0.1774128300370355,-0.0058893923989777,2,0.999969,0.00035,0.002107185062955,BUY,1.0,-0.0058893923989777
2023-12-23,43739.54296875,44015.69921875,43351.35546875,44012.19921875,13507796558,-0.0058893923989777,0.0197279851471078,0.022200692576702,1499.42578125,6449.921875,61.89878444299863,30899.91184919089,0.4155232280992839,-1.1650534550601213,-0.0166777025964807,2,0.99997,0.000345,0.0020747680514913,BUY,1.0,-0.0166777025964807
2023-12-24,43016.1171875,43945.5234375,42786.91796875,43728.3671875,18830554085,-0.0166777025964807,0.0188395247650478,0.0225240242407003,1651.453125,5295.8359375,57.22671140168874,30904.79143756084,0.3918915218828943,-0.4438972284433156,0.0137836316469731,2,0.999952,0.000524,-0.0088229129887107,BUY,1.0,0.0137836316469731
2023-12-25,43613.140625,43765.09375,42765.76953125,43010.57421875,21115795370,0.0137836316469731,0.0161475250574767,0.0225838798406536,989.6015625,5816.34765625,59.91567057267883,30910.528029538727,0.410947771041711,-0.2074333125036637,-0.0253744795398311,2,0.999985,0.00018,-0.0034819360618036,BUY,1.0,-0.0253744795398311
2023-12-26,42520.40234375,43603.17578125,41676.48828125,43599.84765625,30026850982,-0.0253744795398311,0.0191896103738586,0.0231304962844434,249.875,5041.28125,53.30982680747496,30917.97562365116,0.3752647605823001,0.9646981406375464,0.0214623912043401,2,0.999378,0.005217,-0.0083193818705866,BUY,1.0,0.0214623912043401
2023-12-27,43442.85546875,43683.16015625,42167.58203125,42518.46875,25260941032,0.0214623912043401,0.016518527116176,0.0232553821689751,-209.39453125,6188.6875,57.5632876296944,30924.731278824915,0.4047933053017866,0.2678637470236983,-0.0189384832630336,2,0.999965,0.000398,-0.0028370769708691,BUY,1.0,-0.0189384832630336
2023-12-28,42627.85546875,43804.78125,42318.55078125,43468.19921875,22992093014,-0.0189384832630336,0.0175920132045678,0.0235755086558165,-1241.296875,4796.76953125,52.97173919551651,30930.473918201416,0.3781830689527559,-0.0582234522344228,-0.012474379352009,2,0.999944,0.000607,-0.0086969528825273,BUY,1.0,-0.012474379352009
2023-12-29,42099.40234375,43124.32421875,41424.0625,42614.64453125,26000021055,-0.012474379352009,0.0175292988758377,0.0237607708333472,-1898.5,4240.91015625,50.17693580566477,30936.667979698817,0.3608253600994252,0.3416890282067811,0.0013648832366832,2,0.999925,0.000816,-0.0133888539579589,BUY,1.0,0.0013648832366832
2023-12-30,42156.90234375,42584.125,41556.2265625,42091.75390625,16013925945,0.0013648832366832,0.0177704783416305,0.0237238160522589,-1582.640625,4444.15625,50.48306646638719,30940.499240622463,0.3625152592367118,-1.048785074596705,0.0025653289520551,2,0.999652,0.003359,-0.0040832718186163,BUY,1.0,0.0025653289520551
