date,equity,gross_equity,rolling_max,drawdown
2021-01-30,1.0,1.0,1.0,0.0
2021-01-31,1.0,1.0,1.0,0.0
2021-02-01,1.0,1.0,1.0,0.0
2021-02-02,1.0,1.0,1.0,0.0
2021-02-03,1.0,1.0,1.0,0.0
2021-02-04,1.0,1.0,1.0,0.0
2021-02-05,1.0,1.0,1.0,0.0
2021-02-06,1.0,1.0,1.0,0.0
2021-02-07,1.0,1.0,1.0,0.0
2021-02-08,1.0,1.0,1.0,0.0
2021-02-09,1.0,1.0,1.0,0.0
2021-02-10,1.0,1.0,1.0,0.0
2021-02-11,1.0,1.0,1.0,0.0
2021-02-12,1.0,1.0,1.0,0.0
2021-02-13,1.0,1.0,1.0,0.0
2021-02-14,1.0,1.0,1.0,0.0
2021-02-15,1.0,1.0,1.0,0.0
2021-02-16,1.0,1.0,1.0,0.0
2021-02-17,1.0,1.0,1.0,0.0
2021-02-18,1.0,1.0,1.0,0.0
2021-02-19,1.0,1.0,1.0,0.0
2021-02-20,1.0,1.0,1.0,0.0
2021-02-21,1.0,1.0,1.0,0.0
2021-02-22,1.0,1.0,1.0,0.0
2021-02-23,1.0,1.0,1.0,0.0
2021-02-24,1.0,1.0,1.0,0.0
2021-02-25,1.0,1.0,1.0,0.0
2021-02-26,1.0,1.0,1.0,0.0
2021-02-27,1.0,1.0,1.0,0.0
2021-02-28,1.0,1.0,1.0,0.0
2021-03-01,1.0,1.0,1.0,0.0
2021-03-02,1.0,1.0,1.0,0.0
2021-03-03,1.0,1.0,1.0,0.0
2021-03-04,1.0,1.0,1.0,0.0
2021-03-05,1.0,1.0,1.0,0.0
2021-03-06,1.0,1.0,1.0,0.0
2021-03-07,1.0,1.0,1.0,0.0
2021-03-08,1.0,1.0,1.0,0.0
2021-03-09,1.0,1.0,1.0,0.0
2021-03-10,1.0,1.0,1.0,0.0
2021-03-11,1.0,1.0,1.0,0.0
2021-03-12,1.0,1.0,1.0,0.0
2021-03-13,1.0,1.0,1.0,0.0
2021-03-14,1.0,1.0,1.0,0.0
2021-03-15,1.0,1.0,1.0,0.0
2021-03-16,1.0,1.0,1.0,0.0
2021-03-17,1.0,1.0,1.0,0.0
2021-03-18,1.0,1.0,1.0,0.0
2021-03-19,1.0,1.0,1.0,0.0
2021-03-20,1.0,1.0,1.0,0.0
2021-03-21,1.0,1.0,1.0,0.0
2021-03-22,1.0,1.0,1.0,0.0
2021-03-23,1.0,1.0,1.0,0.0
2021-03-24,1.0,1.0,1.0,0.0
2021-03-25,1.0443551358645535,1.0454147692255695,1.0443551358645535,0.0
2021-03-26,1.0510412540593885,1.052107671352088,1.0510412540593885,0.0
2021-03-27,1.0508639680955643,1.0519302055087234,1.0510412540593885,-0.00016867650355259243
2021-03-28,1.0647004845601564,1.0657807609088679,1.0647004845601564,0.0
2021-03-29,1.0749329207089895,1.0760235791876254,1.0749329207089895,0.0
2021-03-30,1.0749428514620774,1.0760335200167466,1.0749428514620774,0.0
2021-03-31,1.0768371742814695,1.0779297648716486,1.0768371742814695,0.0
2021-04-01,1.0804588527431445,1.0815551179945466,1.0804588527431445,0.0
2021-04-02,1.047569705612878,1.0486326005706725,1.0804588527431445,-0.03043998116796868
2021-04-03,1.0647694507715706,1.0658497970954237,1.0804588527431445,-0.014521054579487705
2021-04-04,1.069085749339416,1.0701704751064312,1.0804588527431445,-0.010526179108860756
2021-04-05,1.05411758971296,1.0551871283460699,1.0804588527431445,-0.02437970031279528
2021-04-06,1.015051420195675,1.0160813211470365,1.0804588527431445,-0.0605367176930509
2021-04-07,1.0458036454210622,1.046864748482372,1.0804588527431445,-0.03207452762694036
2021-04-08,1.0449810101110304,1.0460412785024198,1.0804588527431445,-0.03283590350714462
2021-04-09,1.0609903665546363,1.0620668785087692,1.0804588527431445,-0.018018720601048532
2021-04-10,1.0654357077396015,1.066516730067322,1.0804588527431445,-0.013904411968490191
2021-04-11,1.061961699103046,1.0630391965996804,1.0804588527431445,-0.017119720564218194
2021-04-12,1.1007428421645358,1.1018596881467142,1.1007428421645358,0.0
2021-04-13,1.0973047643820721,1.0984181219896634,1.1007428421645358,-0.003123415979433387
2021-04-14,1.0995596651106143,1.100675310606641,1.1007428421645358,-0.001074889618718593
2021-04-15,1.0785631359468528,1.079657477748376,1.1007428421645358,-0.02014976193174063
2021-04-16,1.0694729829140621,1.0705581015796237,1.1007428421645358,-0.028407960563235284
2021-04-17,1.0217254740442954,1.0227621466865011,1.1007428421645358,-0.07178549348080078
2021-04-18,1.0181460409438998,1.0191790817882656,1.1007428421645358,-0.07503732757254634
2021-04-19,1.0181460409438998,1.0191790817882656,1.1007428421645358,-0.07503732757254634
2021-04-20,1.0181460409438998,1.0191790817882656,1.1007428421645358,-0.07503732757254634
2021-04-21,1.0181460409438998,1.0191790817882656,1.1007428421645358,-0.07503732757254634
2021-04-22,1.0181460409438998,1.0191790817882656,1.1007428421645358,-0.07503732757254634
2021-04-23,1.0181460409438998,1.0191790817882656,1.1007428421645358,-0.07503732757254634
2021-04-24,1.0181460409438998,1.0191790817882656,1.1007428421645358,-0.07503732757254634
2021-04-25,1.0181460409438998,1.0191790817882656,1.1007428421645358,-0.07503732757254634
2021-04-26,1.0181460409438998,1.0191790817882656,1.1007428421645358,-0.07503732757254634
2021-04-27,1.0181460409438998,1.0191790817882656,1.1007428421645358,-0.07503732757254634
2021-04-28,1.0181460409438998,1.0191790817882656,1.1007428421645358,-0.07503732757254634
2021-04-29,1.0181460409438998,1.0191790817882656,1.1007428421645358,-0.07503732757254634
2021-04-30,1.0180960890290112,1.019621141499768,1.1007428421645358,-0.07508270775852187
2021-05-01,1.0109305597170732,1.0124448786153322,1.1007428421645358,-0.08159242922793193
2021-05-02,1.0143349422356578,1.015854360713443,1.1007428421645358,-0.07849962463436304
2021-05-03,0.9802577602323281,0.9817261329481556,1.1007428421645358,-0.10945797448501408
2021-05-04,1.0066756246158635,1.0081835698531694,1.1007428421645358,-0.0854579416239451
2021-05-05,1.0066756246158635,1.0081835698531694,1.1007428421645358,-0.0854579416239451
2021-05-06,1.0066756246158635,1.0081835698531694,1.1007428421645358,-0.0854579416239451
2021-05-07,1.0066756246158635,1.0081835698531694,1.1007428421645358,-0.0854579416239451
2021-05-08,1.0066756246158635,1.0081835698531694,1.1007428421645358,-0.0854579416239451
2021-05-09,1.0066756246158635,1.0081835698531694,1.1007428421645358,-0.0854579416239451
2021-05-10,1.0066756246158635,1.0081835698531694,1.1007428421645358,-0.0854579416239451
2021-05-11,1.0066756246158635,1.0081835698531694,1.1007428421645358,-0.0854579416239451
2021-05-12,1.0066756246158635,1.0081835698531694,1.1007428421645358,-0.0854579416239451
2021-05-13,1.0066756246158635,1.0081835698531694,1.1007428421645358,-0.0854579416239451
2021-05-14,1.0066756246158635,1.0081835698531694,1.1007428421645358,-0.0854579416239451
2021-05-15,1.0066756246158635,1.0081835698531694,1.1007428421645358,-0.0854579416239451
2021-05-16,1.0066756246158635,1.0081835698531694,1.1007428421645358,-0.0854579416239451
2021-05-17,1.0066756246158635,1.0081835698531694,1.1007428421645358,-0.0854579416239451
2021-05-18,1.0066756246158635,1.0081835698531694,1.1007428421645358,-0.0854579416239451
2021-05-19,1.0066756246158635,1.0081835698531694,1.1007428421645358,-0.0854579416239451
2021-05-20,1.0066756246158635,1.0081835698531694,1.1007428421645358,-0.0854579416239451
2021-05-21,1.0066756246158635,1.0081835698531694,1.1007428421645358,-0.0854579416239451
2021-05-22,1.0066756246158635,1.0081835698531694,1.1007428421645358,-0.0854579416239451
2021-05-23,1.0066756246158635,1.0081835698531694,1.1007428421645358,-0.0854579416239451
2021-05-24,1.0066756246158635,1.0081835698531694,1.1007428421645358,-0.0854579416239451
2021-05-25,1.0066756246158635,1.0081835698531694,1.1007428421645358,-0.0854579416239451
2021-05-26,1.0066756246158635,1.0081835698531694,1.1007428421645358,-0.0854579416239451
2021-05-27,1.0066756246158635,1.0081835698531694,1.1007428421645358,-0.0854579416239451
2021-05-28,1.0066756246158635,1.0081835698531694,1.1007428421645358,-0.0854579416239451
2021-05-29,1.0066756246158635,1.0081835698531694,1.1007428421645358,-0.0854579416239451
2021-05-30,1.0066756246158635,1.0081835698531694,1.1007428421645358,-0.0854579416239451
2021-05-31,1.0066756246158635,1.0081835698531694,1.1007428421645358,-0.0854579416239451
2021-06-01,1.0066756246158635,1.0081835698531694,1.1007428421645358,-0.0854579416239451
2021-06-02,1.0066756246158635,1.0081835698531694,1.1007428421645358,-0.0854579416239451
2021-06-03,1.0066756246158635,1.0081835698531694,1.1007428421645358,-0.0854579416239451
2021-06-04,1.0066756246158635,1.0081835698531694,1.1007428421645358,-0.0854579416239451
2021-06-05,1.0066756246158635,1.0081835698531694,1.1007428421645358,-0.0854579416239451
2021-06-06,1.0066756246158635,1.0081835698531694,1.1007428421645358,-0.0854579416239451
2021-06-07,1.0066756246158635,1.0081835698531694,1.1007428421645358,-0.0854579416239451
2021-06-08,1.0066756246158635,1.0081835698531694,1.1007428421645358,-0.0854579416239451
2021-06-09,1.0066756246158635,1.0081835698531694,1.1007428421645358,-0.0854579416239451
2021-06-10,1.0066756246158635,1.0081835698531694,1.1007428421645358,-0.0854579416239451
2021-06-11,1.0066756246158635,1.0081835698531694,1.1007428421645358,-0.0854579416239451
2021-06-12,1.0066756246158635,1.0081835698531694,1.1007428421645358,-0.0854579416239451
2021-06-13,1.0066756246158635,1.0081835698531694,1.1007428421645358,-0.0854579416239451
2021-06-14,1.0066756246158635,1.0081835698531694,1.1007428421645358,-0.0854579416239451
2021-06-15,1.0066756246158635,1.0081835698531694,1.1007428421645358,-0.0854579416239451
2021-06-16,1.0066756246158635,1.0081835698531694,1.1007428421645358,-0.0854579416239451
2021-06-17,1.0066756246158635,1.0081835698531694,1.1007428421645358,-0.0854579416239451
2021-06-18,1.0066756246158635,1.0081835698531694,1.1007428421645358,-0.0854579416239451
2021-06-19,1.0066756246158635,1.0081835698531694,1.1007428421645358,-0.0854579416239451
2021-06-20,1.0066756246158635,1.0081835698531694,1.1007428421645358,-0.0854579416239451
2021-06-21,1.0066756246158635,1.0081835698531694,1.1007428421645358,-0.0854579416239451
2021-06-22,1.0066756246158635,1.0081835698531694,1.1007428421645358,-0.0854579416239451
2021-06-23,1.0066756246158635,1.0081835698531694,1.1007428421645358,-0.0854579416239451
2021-06-24,1.0066756246158635,1.0081835698531694,1.1007428421645358,-0.0854579416239451
2021-06-25,1.0066756246158635,1.0081835698531694,1.1007428421645358,-0.0854579416239451
2021-06-26,1.0066756246158635,1.0081835698531694,1.1007428421645358,-0.0854579416239451
2021-06-27,1.0066756246158635,1.0081835698531694,1.1007428421645358,-0.0854579416239451
2021-06-28,1.0066756246158635,1.0081835698531694,1.1007428421645358,-0.0854579416239451
2021-06-29,1.0066756246158635,1.0081835698531694,1.1007428421645358,-0.0854579416239451
2021-06-30,1.0066756246158635,1.0081835698531694,1.1007428421645358,-0.0854579416239451
2021-07-01,1.0066756246158635,1.0081835698531694,1.1007428421645358,-0.0854579416239451
2021-07-02,1.0066756246158635,1.0081835698531694,1.1007428421645358,-0.0854579416239451
2021-07-03,1.0066756246158635,1.0081835698531694,1.1007428421645358,-0.0854579416239451
2021-07-04,1.0066756246158635,1.0081835698531694,1.1007428421645358,-0.0854579416239451
2021-07-05,1.0066756246158635,1.0081835698531694,1.1007428421645358,-0.0854579416239451
2021-07-06,1.0066756246158635,1.0081835698531694,1.1007428421645358,-0.0854579416239451
2021-07-07,1.0066756246158635,1.0081835698531694,1.1007428421645358,-0.0854579416239451
2021-07-08,1.0066756246158635,1.0081835698531694,1.1007428421645358,-0.0854579416239451
2021-07-09,1.0066756246158635,1.0081835698531694,1.1007428421645358,-0.0854579416239451
2021-07-10,1.0066756246158635,1.0081835698531694,1.1007428421645358,-0.0854579416239451
2021-07-11,1.0066756246158635,1.0081835698531694,1.1007428421645358,-0.0854579416239451
2021-07-12,1.0066756246158635,1.0081835698531694,1.1007428421645358,-0.0854579416239451
2021-07-13,1.0066756246158635,1.0081835698531694,1.1007428421645358,-0.0854579416239451
2021-07-14,1.0066756246158635,1.0081835698531694,1.1007428421645358,-0.0854579416239451
2021-07-15,1.0066756246158635,1.0081835698531694,1.1007428421645358,-0.0854579416239451
2021-07-16,1.0066756246158635,1.0081835698531694,1.1007428421645358,-0.0854579416239451
2021-07-17,1.0066756246158635,1.0081835698531694,1.1007428421645358,-0.0854579416239451
2021-07-18,1.0066756246158635,1.0081835698531694,1.1007428421645358,-0.0854579416239451
2021-07-19,1.0066756246158635,1.0081835698531694,1.1007428421645358,-0.0854579416239451
2021-07-20,1.0066756246158635,1.0081835698531694,1.1007428421645358,-0.0854579416239451
2021-07-21,1.0066756246158635,1.0081835698531694,1.1007428421645358,-0.0854579416239451
2021-07-22,1.0066756246158635,1.0081835698531694,1.1007428421645358,-0.0854579416239451
2021-07-23,1.0066756246158635,1.0081835698531694,1.1007428421645358,-0.0854579416239451
2021-07-24,1.0066756246158635,1.0081835698531694,1.1007428421645358,-0.0854579416239451
2021-07-25,1.0066756246158635,1.0081835698531694,1.1007428421645358,-0.0854579416239451
2021-07-26,1.0066756246158635,1.0081835698531694,1.1007428421645358,-0.0854579416239451
2021-07-27,1.0066756246158635,1.0081835698531694,1.1007428421645358,-0.0854579416239451
2021-07-28,1.0054805735069134,1.0084990039775499,1.1007428421645358,-0.08654361855335399
2021-07-29,1.059949699051657,1.0631316446339576,1.1007428421645358,-0.03705964876652007
2021-07-30,1.0487540226556735,1.0519023590647454,1.1007428421645358,-0.04723066779760274
2021-07-31,1.0248009753364844,1.027877405226626,1.1007428421645358,-0.06899147005009533
2021-08-01,1.016415725124645,1.0194669826788805,1.1007428421645358,-0.07660928039656127
2021-08-02,1.0043030633346317,1.0073179589457417,1.1007428421645358,-0.08761335993815032
2021-08-03,1.0251567956272258,1.02823429368202,1.1007428421645358,-0.0686682153559819
2021-08-04,1.038010329231319,1.0411264133100584,1.1007428421645358,-0.05699107051185324
2021-08-05,1.0588067909325476,1.0619853055299209,1.1007428421645358,-0.0380979549678686
2021-08-06,1.0778143489445566,1.0810499238112057,1.1007428421645358,-0.020830018003925258
2021-08-07,1.0698605019349219,1.0730721995285482,1.1007428421645358,-0.02805590828906584
2021-08-08,1.09966508888886,1.1029662591941396,1.1007428421645358,-0.0009791144983114328
2021-08-09,1.0905586994481924,1.093832532573531,1.1007428421645358,-0.00925206353948844
2021-08-10,1.0906674397979,1.0939415993593662,1.1007428421645358,-0.009153275388848544
2021-08-11,1.0759609483113624,1.0791909593102518,1.1007428421645358,-0.02251379060021096
2021-08-12,1.1121113490763135,1.1154498827797381,1.1121113490763135,0.0
2021-08-13,1.1056110854338963,1.108930105489457,1.1121113490763135,-0.005844975548371219
2021-08-14,1.1051419750942568,1.1084595868909404,1.1121113490763135,-0.0062667951260862624
2021-08-15,1.094922014279614,1.0982089459796907,1.1121113490763135,-0.015456487168282495
2021-08-16,1.0801139318986732,1.0833564100625521,1.1121113490763135,-0.028771774700632597
2021-08-17,1.081270134528669,1.0845160835873027,1.1121113490763135,-0.027732128238112334
2021-08-18,1.1017461383471048,1.105053555916887,1.1121113490763135,-0.00932029939071995
2021-08-19,1.1276514283123034,1.131036612990314,1.1276514283123034,0.0
2021-08-20,1.1226753267847858,1.1260455733159327,1.1276514283123034,-0.0044128011569719424
2021-08-21,1.1275076154706605,1.1308923684256973,1.1276514283123034,-0.0001275330638813845
2021-08-22,1.130118499725689,1.1335110904975851,1.130118499725689,0.0
2021-08-23,1.1063154998450686,1.1096366345371305,1.130118499725689,-0.021062392914015696
2021-08-24,1.121176899260202,1.1245426475450204,1.130118499725689,-0.007912091048555838
2021-08-25,1.097062653793394,1.100356011646004,1.130118499725689,-0.029249893653027097
2021-08-26,1.119682091428947,1.1230433523336762,1.130118499725689,-0.009234791129669401
2021-08-27,1.1178730674985895,1.1212288977534413,1.130118499725689,-0.010835529398086848
2021-08-28,1.1170278785597536,1.1203811715760812,1.130118499725689,-0.01158340578365265
2021-08-29,1.0958216842114272,1.0991113167007653,1.130118499725689,-0.03034798166969797
2021-08-30,1.0970541633292938,1.1003474956937183,1.130118499725689,-0.029257406550216455
2021-08-31,1.11688260311541,1.1202354600180628,1.130118499725689,-0.0117119546432447
2021-09-01,1.1222699736274113,1.1256390032973345,1.130118499725689,-0.006944870029278116
2021-09-02,1.1316857899664816,1.1350830857090597,1.1316857899664816,0.0
2021-09-03,1.1303443345238429,1.133737603246815,1.1316857899664816,-0.001185360331049559
2021-09-04,1.1599369613468902,1.1634190664818849,1.1599369613468902,0.0
2021-09-05,1.1725737093188617,1.1760937496921229,1.1725737093188617,0.0
2021-09-06,1.0351099674554025,1.038217344712159,1.1725737093188617,-0.11723249529729841
2021-09-07,1.0302612084605778,1.0333540298499408,1.1725737093188617,-0.12136763746899297
2021-09-08,1.0323759630686855,1.0354751329046672,1.1725737093188617,-0.11956412218351367
2021-09-09,1.0215477995411468,1.0246144634694125,1.1725737093188617,-0.12879864914031255
2021-09-10,1.023853212055479,1.0269267967811864,1.1725737093188617,-0.1268325360541924
2021-09-11,1.0299812677950742,1.0330732488087433,1.1725737093188617,-0.12160637782559387
2021-09-12,1.0216952607018186,1.0247623673052315,1.1725737093188617,-0.1286728905978006
2021-09-13,1.0382255428311125,1.041342272976324,1.1725737093188617,-0.11457545518890322
2021-09-14,1.0520273762351808,1.0551855391793892,1.1725737093188617,-0.10280490866003235
2021-09-15,1.04699501204722,1.0501380679453007,1.1725737093188617,-0.10709663390337255
2021-09-16,1.0404868184640523,1.0436103369087621,1.1725737093188617,-0.11264698313212017
2021-09-17,1.0551730412882847,1.0583406474494945,1.1725737093188617,-0.10012220732696975
2021-09-18,1.0405088686647626,1.0436324533036878,1.1725737093188617,-0.11262817817296496
2021-09-19,0.979039834934148,0.9819788908916629,1.1725737093188617,-0.1650504977611479
2021-09-20,0.9617377355038552,0.9646248509410831,1.1725737093188617,-0.17980615814546905
2021-09-21,0.9617377355038552,0.9646248509410831,1.1725737093188617,-0.17980615814546905
2021-09-22,0.9617377355038552,0.9646248509410831,1.1725737093188617,-0.17980615814546905
2021-09-23,0.9617377355038552,0.9646248509410831,1.1725737093188617,-0.17980615814546905
2021-09-24,0.9617377355038552,0.9646248509410831,1.1725737093188617,-0.17980615814546905
2021-09-25,0.9617377355038552,0.9646248509410831,1.1725737093188617,-0.17980615814546905
2021-09-26,0.9617377355038552,0.9646248509410831,1.1725737093188617,-0.17980615814546905
2021-09-27,0.9617377355038552,0.9646248509410831,1.1725737093188617,-0.17980615814546905
2021-09-28,0.9617377355038552,0.9646248509410831,1.1725737093188617,-0.17980615814546905
2021-09-29,0.9617377355038552,0.9646248509410831,1.1725737093188617,-0.17980615814546905
2021-09-30,0.9617377355038552,0.9646248509410831,1.1725737093188617,-0.17980615814546905
2021-10-01,0.9617377355038552,0.9646248509410831,1.1725737093188617,-0.17980615814546905
2021-10-02,0.9617377355038552,0.9646248509410831,1.1725737093188617,-0.17980615814546905
2021-10-03,0.9617377355038552,0.9646248509410831,1.1725737093188617,-0.17980615814546905
2021-10-04,0.9792824222415946,0.9827929609716107,1.1725737093188617,-0.1648436132766003
2021-10-05,1.0119021696204167,1.0155296438574284,1.1725737093188617,-0.13702468204900978
2021-10-06,0.9991491206452511,1.0027308776597983,1.1725737093188617,-0.1479007991526192
2021-10-07,1.0002402401934216,1.003825908661239,1.1725737093188617,-0.14697026528553772
2021-10-08,1.0088872031002287,1.0125038692633912,1.1725737093188617,-0.1395959204250939
2021-10-09,1.0070899410114973,1.0107001643364886,1.1725737093188617,-0.1411286701997545
2021-10-10,1.0304814435182532,1.03417552087109,1.1725737093188617,-0.12117981553854616
2021-10-11,1.0185684735252765,1.0222198451768774,1.1725737093188617,-0.13133949240858012
2021-10-12,1.0290571608299282,1.0327461324038534,1.1725737093188617,-0.12239447921129082
2021-10-13,1.0282271750466065,1.0319131712814757,1.1725737093188617,-0.12310231171403706
2021-10-14,1.0782900268691686,1.0821554887783587,1.1725737093188617,-0.08040746752241418
2021-10-15,1.072321913234677,1.0761659806068233,1.1725737093188617,-0.0854972231489141
2021-10-16,1.0776083221307702,1.0814713402598697,1.1725737093188617,-0.0809888422649832
2021-10-17,1.0814596709551207,1.0853364954274198,1.1725737093188617,-0.0777043162742139
2021-10-18,1.1010467718633055,1.104993812317006,1.1725737093188617,-0.060999949842902135
2021-10-19,1.1179044147662216,1.1219118866204694,1.1725737093188617,-0.04662333303072015
2021-10-20,1.080009102302158,1.083880726765429,1.1725737093188617,-0.07894139727085785
2021-10-21,1.0695334187577108,1.073367489914631,1.1725737093188617,-0.0878753205382766
2021-10-22,1.075586548167812,1.079442318626945,1.1725737093188617,-0.08271306134553265
2021-10-23,1.0715846927683896,1.0754261173472615,1.1725737093188617,-0.08612594308389857
2021-10-24,1.0896063993392189,1.0935124282625177,1.1725737093188617,-0.07075658384651816
2021-10-25,1.0680213006518327,1.0718499511567996,1.1725737093188617,-0.08916489243798814
2021-10-26,1.0526865784834145,1.0564602569651291,1.1725737093188617,-0.10224272460030565
2021-10-27,1.0714538127346898,1.0752947681338678,1.1725737093188617,-0.08623756082925625
2021-10-28,1.0855833277486575,1.0894749347357395,1.1725737093188617,-0.07418755927995026
2021-10-29,1.0826105462441233,1.0864914963825063,1.1725737093188617,-0.07672282122630673
2021-10-30,1.0775829012242792,1.0814458282243293,1.1725737093188617,-0.08101052184579667
2021-10-31,1.0748079757100415,1.0786609551369815,1.1725737093188617,-0.08337704728652967
2021-11-01,1.0964541061360626,1.1003846827683539,1.1725737093188617,-0.06491668931159673
2021-11-02,1.093725031981556,1.097645825409024,1.1725737093188617,-0.0672441115732574
2021-11-03,1.0733399076779924,1.0771876243640033,1.1725737093188617,-0.0846290521885515
2021-11-04,1.069019021614353,1.0728512487566635,1.1725737093188617,-0.08831401120588221
2021-11-05,1.0751321408015282,1.0789862822978395,1.1725737093188617,-0.08310059124038909
2021-11-06,1.1018292079820948,1.1057790533184697,1.1725737093188617,-0.06033266887576884
2021-11-07,1.15596532882881,1.1601092417238472,1.1725737093188617,-0.01416403963184482
2021-11-08,1.1505632572545503,1.1546878047642266,1.1725737093188617,-0.018771060522154374
2021-11-09,1.1320405102994942,1.13609865733154,1.1725737093188617,-0.03456771945101258
2021-11-10,1.1316579705611618,1.135714746261979,1.1725737093188617,-0.03489395884670444
2021-11-11,1.124394060332633,1.1284247963153775,1.1725737093188617,-0.04108880201161587
2021-11-12,1.1271993265105738,1.1312401188318595,1.1725737093188617,-0.0386964012988536
2021-11-13,1.13605050502638,1.1401230271166072,1.1725737093188617,-0.031147896291907912
2021-11-14,1.1181682019393218,1.1221766194197416,1.1725737093188617,-0.04639836877388602
2021-11-15,1.0602714316081758,1.0640723003263854,1.1725737093188617,-0.09577417335744408
2021-11-16,1.0626616211204125,1.0664710582073218,1.1725737093188617,-0.09373576034064096
2021-11-17,1.021742675834197,1.025405426389258,1.1725737093188617,-0.12863245379455185
2021-11-18,1.021742675834197,1.025405426389258,1.1725737093188617,-0.12863245379455185
2021-11-19,1.021742675834197,1.025405426389258,1.1725737093188617,-0.12863245379455185
2021-11-20,1.021742675834197,1.025405426389258,1.1725737093188617,-0.12863245379455185
2021-11-21,1.021742675834197,1.025405426389258,1.1725737093188617,-0.12863245379455185
2021-11-22,1.021742675834197,1.025405426389258,1.1725737093188617,-0.12863245379455185
2021-11-23,1.021742675834197,1.025405426389258,1.1725737093188617,-0.12863245379455185
2021-11-24,1.021742675834197,1.025405426389258,1.1725737093188617,-0.12863245379455185
2021-11-25,1.021742675834197,1.025405426389258,1.1725737093188617,-0.12863245379455185
2021-11-26,1.021742675834197,1.025405426389258,1.1725737093188617,-0.12863245379455185
2021-11-27,1.021742675834197,1.025405426389258,1.1725737093188617,-0.12863245379455185
2021-11-28,1.021742675834197,1.025405426389258,1.1725737093188617,-0.12863245379455185
2021-11-29,1.021742675834197,1.025405426389258,1.1725737093188617,-0.12863245379455185
2021-11-30,1.021742675834197,1.025405426389258,1.1725737093188617,-0.12863245379455185
2021-12-01,1.021742675834197,1.025405426389258,1.1725737093188617,-0.12863245379455185
2021-12-02,1.021742675834197,1.025405426389258,1.1725737093188617,-0.12863245379455185
2021-12-03,1.021742675834197,1.025405426389258,1.1725737093188617,-0.12863245379455185
2021-12-04,1.021742675834197,1.025405426389258,1.1725737093188617,-0.12863245379455185
2021-12-05,1.021742675834197,1.025405426389258,1.1725737093188617,-0.12863245379455185
2021-12-06,1.021742675834197,1.025405426389258,1.1725737093188617,-0.12863245379455185
2021-12-07,1.021742675834197,1.025405426389258,1.1725737093188617,-0.12863245379455185
2021-12-08,1.021742675834197,1.025405426389258,1.1725737093188617,-0.12863245379455185
2021-12-09,1.021742675834197,1.025405426389258,1.1725737093188617,-0.12863245379455185
2021-12-10,1.021742675834197,1.025405426389258,1.1725737093188617,-0.12863245379455185
2021-12-11,1.021742675834197,1.025405426389258,1.1725737093188617,-0.12863245379455185
2021-12-12,1.021742675834197,1.025405426389258,1.1725737093188617,-0.12863245379455185
2021-12-13,1.021742675834197,1.025405426389258,1.1725737093188617,-0.12863245379455185
2021-12-14,1.021742675834197,1.025405426389258,1.1725737093188617,-0.12863245379455185
2021-12-15,1.021742675834197,1.025405426389258,1.1725737093188617,-0.12863245379455185
2021-12-16,1.021742675834197,1.025405426389258,1.1725737093188617,-0.12863245379455185
2021-12-17,1.021742675834197,1.025405426389258,1.1725737093188617,-0.12863245379455185
2021-12-18,1.021742675834197,1.025405426389258,1.1725737093188617,-0.12863245379455185
2021-12-19,1.021742675834197,1.025405426389258,1.1725737093188617,-0.12863245379455185
2021-12-20,1.021742675834197,1.025405426389258,1.1725737093188617,-0.12863245379455185
2021-12-21,1.021742675834197,1.025405426389258,1.1725737093188617,-0.12863245379455185
2021-12-22,1.021742675834197,1.025405426389258,1.1725737093188617,-0.12863245379455185
2021-12-23,1.021742675834197,1.025405426389258,1.1725737093188617,-0.12863245379455185
2021-12-24,1.021742675834197,1.025405426389258,1.1725737093188617,-0.12863245379455185
2021-12-25,1.021742675834197,1.025405426389258,1.1725737093188617,-0.12863245379455185
2021-12-26,1.021742675834197,1.025405426389258,1.1725737093188617,-0.12863245379455185
2021-12-27,1.021742675834197,1.025405426389258,1.1725737093188617,-0.12863245379455185
2021-12-28,1.021742675834197,1.025405426389258,1.1725737093188617,-0.12863245379455185
2021-12-29,1.021742675834197,1.025405426389258,1.1725737093188617,-0.12863245379455185
2021-12-30,1.021742675834197,1.025405426389258,1.1725737093188617,-0.12863245379455185
2021-12-31,1.021742675834197,1.025405426389258,1.1725737093188617,-0.12863245379455185
2022-01-01,1.021742675834197,1.025405426389258,1.1725737093188617,-0.12863245379455185
2022-01-02,1.021742675834197,1.025405426389258,1.1725737093188617,-0.12863245379455185
2022-01-03,1.021742675834197,1.025405426389258,1.1725737093188617,-0.12863245379455185
2022-01-04,1.021742675834197,1.025405426389258,1.1725737093188617,-0.12863245379455185
2022-01-05,1.021742675834197,1.025405426389258,1.1725737093188617,-0.12863245379455185
2022-01-06,1.021742675834197,1.025405426389258,1.1725737093188617,-0.12863245379455185
2022-01-07,1.021742675834197,1.025405426389258,1.1725737093188617,-0.12863245379455185
2022-01-08,1.021742675834197,1.025405426389258,1.1725737093188617,-0.12863245379455185
2022-01-09,1.021742675834197,1.025405426389258,1.1725737093188617,-0.12863245379455185
2022-01-10,1.021742675834197,1.025405426389258,1.1725737093188617,-0.12863245379455185
2022-01-11,1.021742675834197,1.025405426389258,1.1725737093188617,-0.12863245379455185
2022-01-12,1.021742675834197,1.025405426389258,1.1725737093188617,-0.12863245379455185
2022-01-13,1.021742675834197,1.025405426389258,1.1725737093188617,-0.12863245379455185
2022-01-14,1.021742675834197,1.025405426389258,1.1725737093188617,-0.12863245379455185
2022-01-15,1.021742675834197,1.025405426389258,1.1725737093188617,-0.12863245379455185
2022-01-16,1.021742675834197,1.025405426389258,1.1725737093188617,-0.12863245379455185
2022-01-17,1.021742675834197,1.025405426389258,1.1725737093188617,-0.12863245379455185
2022-01-18,1.021742675834197,1.025405426389258,1.1725737093188617,-0.12863245379455185
2022-01-19,1.021742675834197,1.025405426389258,1.1725737093188617,-0.12863245379455185
2022-01-20,1.021742675834197,1.025405426389258,1.1725737093188617,-0.12863245379455185
2022-01-21,1.021742675834197,1.025405426389258,1.1725737093188617,-0.12863245379455185
2022-01-22,1.021742675834197,1.025405426389258,1.1725737093188617,-0.12863245379455185
2022-01-23,1.021742675834197,1.025405426389258,1.1725737093188617,-0.12863245379455185
2022-01-24,1.021742675834197,1.025405426389258,1.1725737093188617,-0.12863245379455185
2022-01-25,1.021742675834197,1.025405426389258,1.1725737093188617,-0.12863245379455185
2022-01-26,1.021742675834197,1.025405426389258,1.1725737093188617,-0.12863245379455185
2022-01-27,1.021742675834197,1.025405426389258,1.1725737093188617,-0.12863245379455185
2022-01-28,1.021742675834197,1.025405426389258,1.1725737093188617,-0.12863245379455185
2022-01-29,1.021742675834197,1.025405426389258,1.1725737093188617,-0.12863245379455185
2022-01-30,1.021742675834197,1.025405426389258,1.1725737093188617,-0.12863245379455185
2022-01-31,1.021742675834197,1.025405426389258,1.1725737093188617,-0.12863245379455185
2022-02-01,1.021742675834197,1.025405426389258,1.1725737093188617,-0.12863245379455185
2022-02-02,1.021742675834197,1.025405426389258,1.1725737093188617,-0.12863245379455185
2022-02-03,1.021742675834197,1.025405426389258,1.1725737093188617,-0.12863245379455185
2022-02-04,1.021742675834197,1.025405426389258,1.1725737093188617,-0.12863245379455185
2022-02-05,1.021742675834197,1.025405426389258,1.1725737093188617,-0.12863245379455185
2022-02-06,1.021742675834197,1.025405426389258,1.1725737093188617,-0.12863245379455185
2022-02-07,1.021742675834197,1.025405426389258,1.1725737093188617,-0.12863245379455185
2022-02-08,1.021742675834197,1.025405426389258,1.1725737093188617,-0.12863245379455185
2022-02-09,1.021742675834197,1.025405426389258,1.1725737093188617,-0.12863245379455185
2022-02-10,1.021742675834197,1.025405426389258,1.1725737093188617,-0.12863245379455185
2022-02-11,1.021742675834197,1.025405426389258,1.1725737093188617,-0.12863245379455185
2022-02-12,1.021742675834197,1.025405426389258,1.1725737093188617,-0.12863245379455185
2022-02-13,1.021742675834197,1.025405426389258,1.1725737093188617,-0.12863245379455185
2022-02-14,1.021742675834197,1.025405426389258,1.1725737093188617,-0.12863245379455185
2022-02-15,1.0068593450533383,1.0119278492888526,1.1725737093188617,-0.1413253281636218
2022-02-16,1.0068593450533383,0.9360863216661742,1.1725737093188617,-0.1413253281636218
2022-02-17,1.0068593450533383,0.9324220800711804,1.1725737093188617,-0.1413253281636218
2022-02-18,1.0068593450533383,0.9330932290490259,1.1725737093188617,-0.1413253281636218
2022-02-19,1.0068593450533383,0.9204462124284154,1.1725737093188617,-0.1413253281636218
2022-02-20,1.0068593450533383,0.9204462124284154,1.1725737093188617,-0.1413253281636218
2022-02-21,1.0068593450533383,0.9204462124284154,1.1725737093188617,-0.1413253281636218
2022-02-22,1.0068593450533383,0.9204462124284154,1.1725737093188617,-0.1413253281636218
2022-02-23,1.0068593450533383,0.9204462124284154,1.1725737093188617,-0.1413253281636218
2022-02-24,1.0068593450533383,0.9204462124284154,1.1725737093188617,-0.1413253281636218
2022-02-25,1.0068593450533383,0.9204462124284154,1.1725737093188617,-0.1413253281636218
2022-02-26,1.0068593450533383,0.9204462124284154,1.1725737093188617,-0.1413253281636218
2022-02-27,1.0068593450533383,0.9204462124284154,1.1725737093188617,-0.1413253281636218
2022-02-28,1.017494030488196,0.9307507223727747,1.1725737093188617,-0.1322558041325608
2022-03-01,1.0132970943602504,0.9269115830601209,1.1725737093188617,-0.13583505556433956
2022-03-02,0.9981611017552424,0.9130659627136499,1.1725737093188617,-0.14874340621617224
2022-03-03,0.9650489202009519,0.8827766578356575,1.1725737093188617,-0.17698229754653058
2022-03-04,0.9673062796432393,0.8848415730770334,1.1725737093188617,-0.17505716531446072
2022-03-05,0.9673062796432393,0.8848415730770334,1.1725737093188617,-0.17505716531446072
2022-03-06,0.9673062796432393,0.8848415730770334,1.1725737093188617,-0.17505716531446072
2022-03-07,0.9673062796432393,0.8848415730770334,1.1725737093188617,-0.17505716531446072
2022-03-08,0.9673062796432393,0.8848415730770334,1.1725737093188617,-0.17505716531446072
2022-03-09,0.9673062796432393,0.8848415730770334,1.1725737093188617,-0.17505716531446072
2022-03-10,0.9673062796432393,0.8848415730770334,1.1725737093188617,-0.17505716531446072
2022-03-11,0.9673062796432393,0.8848415730770334,1.1725737093188617,-0.17505716531446072
2022-03-12,0.9673062796432393,0.8848415730770334,1.1725737093188617,-0.17505716531446072
2022-03-13,0.9673062796432393,0.8848415730770334,1.1725737093188617,-0.17505716531446072
2022-03-14,0.9673062796432393,0.8848415730770334,1.1725737093188617,-0.17505716531446072
2022-03-15,0.9673062796432393,0.8848415730770334,1.1725737093188617,-0.17505716531446072
2022-03-16,0.9654677950755238,0.8835672948425533,1.1725737093188617,-0.17662507064365618
2022-03-17,0.9736035821606327,0.8910129242285053,1.1725737093188617,-0.16968666922765063
2022-03-18,0.977478675931916,0.8945592943282829,1.1725737093188617,-0.1663818929560299
2022-03-19,0.9599750022354556,0.8785404548634425,1.1725737093188617,-0.18130946088404362
2022-03-20,0.9567069515908565,0.8755496325054257,1.1725737093188617,-0.18409653569104872
2022-03-21,0.9857782320684348,0.9021548002595441,1.1725737093188617,-0.15930382522300865
2022-03-22,0.9974881625236478,0.9128713789252235,1.1725737093188617,-0.1493173055166994
2022-03-23,1.0220201130468687,0.9353222874605187,1.1725737093188617,-0.12839584844474158
2022-03-24,1.0309962258626897,0.9435369578610536,1.1725737093188617,-0.12074079636188775
2022-03-25,1.0345260636067426,0.9467673599548925,1.1725737093188617,-0.11773046301055978
2022-03-26,1.087093618338593,0.99487561625077,1.1725737093188617,-0.0728995459312518
2022-03-27,1.0942101818766627,1.0013884826829595,1.1725737093188617,-0.06683036368581018
2022-03-28,1.1020234988159905,1.0085389970212335,1.1725737093188617,-0.06016697282412487
2022-03-29,1.092625447669527,0.9999381812605969,1.1725737093188617,-0.06818186440132284
2022-03-30,1.0566583927566724,0.9670222066678674,1.1725737093188617,-0.09885546268091204
2022-03-31,1.071720016254762,0.9808061547167023,1.1725737093188617,-0.08601053585167351
2022-04-01,1.0633783619750707,0.9731721218219623,1.1725737093188617,-0.0931245059274113
2022-04-02,1.0747918519343134,0.983617406998162,1.1725737093188617,-0.0833907980431772
2022-04-03,1.0786974152459317,0.9871916619113599,1.1725737093188617,-0.08006003659033259
2022-04-04,1.053731113934124,0.9643432485051185,1.1725737093188617,-0.10135191880924253
2022-04-05,0.9979405771204678,0.9132854152540362,1.1725737093188617,-0.14893147510516577
2022-04-06,1.0011617967776576,0.9162333792908627,1.1725737093188617,-0.14618433892806268
2022-04-07,0.9756772020934161,0.8929106392676672,1.1725737093188617,-0.16791823461556302
2022-04-08,0.986349628138095,0.9026777248792246,1.1725737093188617,-0.1588165244545204
2022-04-09,0.9747010613766229,0.8920173044335881,1.1725737093188617,-0.16875071167780265
2022-04-10,0.9137336384858797,0.8362217396391332,1.1725737093188617,-0.22074524507575735
2022-04-11,0.9195474366794885,0.8415423541318057,1.1725737093188617,-0.21578709349227532
2022-04-12,0.9283089363011781,0.8495606169459421,1.1725737093188617,-0.2083150688749239
2022-04-13,0.917650170821577,0.8398060330756063,1.1725737093188617,-0.21740512896657707
2022-04-14,0.9229080066484654,0.8446178474126415,1.1725737093188617,-0.21292111590615917
2022-04-15,0.9229080066484654,0.8446178474126415,1.1725737093188617,-0.21292111590615917
2022-04-16,0.9229080066484654,0.8446178474126415,1.1725737093188617,-0.21292111590615917
2022-04-17,0.9229080066484654,0.8446178474126415,1.1725737093188617,-0.21292111590615917
2022-04-18,0.9229080066484654,0.8446178474126415,1.1725737093188617,-0.21292111590615917
2022-04-19,0.9229080066484654,0.8446178474126415,1.1725737093188617,-0.21292111590615917
2022-04-20,0.9229080066484654,0.8446178474126415,1.1725737093188617,-0.21292111590615917
2022-04-21,0.9229080066484654,0.8446178474126415,1.1725737093188617,-0.21292111590615917
2022-04-22,0.9229080066484654,0.8446178474126415,1.1725737093188617,-0.21292111590615917
2022-04-23,0.9229080066484654,0.8446178474126415,1.1725737093188617,-0.21292111590615917
2022-04-24,0.9229080066484654,0.8446178474126415,1.1725737093188617,-0.21292111590615917
2022-04-25,0.9229080066484654,0.8446178474126415,1.1725737093188617,-0.21292111590615917
2022-04-26,0.9229080066484654,0.8446178474126415,1.1725737093188617,-0.21292111590615917
2022-04-27,0.9229080066484654,0.8446178474126415,1.1725737093188617,-0.21292111590615917
2022-04-28,0.9229080066484654,0.8446178474126415,1.1725737093188617,-0.21292111590615917
2022-04-29,0.9229080066484654,0.8446178474126415,1.1725737093188617,-0.21292111590615917
2022-04-30,0.9229080066484654,0.8446178474126415,1.1725737093188617,-0.21292111590615917
2022-05-01,0.9229080066484654,0.8446178474126415,1.1725737093188617,-0.21292111590615917
2022-05-02,0.9229080066484654,0.8446178474126415,1.1725737093188617,-0.21292111590615917
2022-05-03,0.9229080066484654,0.8446178474126415,1.1725737093188617,-0.21292111590615917
2022-05-04,0.9229080066484654,0.8446178474126415,1.1725737093188617,-0.21292111590615917
2022-05-05,0.9229080066484654,0.8446178474126415,1.1725737093188617,-0.21292111590615917
2022-05-06,0.9229080066484654,0.8446178474126415,1.1725737093188617,-0.21292111590615917
2022-05-07,0.9229080066484654,0.8446178474126415,1.1725737093188617,-0.21292111590615917
2022-05-08,0.9229080066484654,0.8446178474126415,1.1725737093188617,-0.21292111590615917
2022-05-09,0.9229080066484654,0.8446178474126415,1.1725737093188617,-0.21292111590615917
2022-05-10,0.9229080066484654,0.8446178474126415,1.1725737093188617,-0.21292111590615917
2022-05-11,0.9229080066484654,0.8446178474126415,1.1725737093188617,-0.21292111590615917
2022-05-12,0.9229080066484654,0.8446178474126415,1.1725737093188617,-0.21292111590615917
2022-05-13,0.9229080066484654,0.8446178474126415,1.1725737093188617,-0.21292111590615917
2022-05-14,0.9229080066484654,0.8446178474126415,1.1725737093188617,-0.21292111590615917
2022-05-15,0.9229080066484654,0.8446178474126415,1.1725737093188617,-0.21292111590615917
2022-05-16,0.9229080066484654,0.8446178474126415,1.1725737093188617,-0.21292111590615917
2022-05-17,0.9229080066484654,0.8446178474126415,1.1725737093188617,-0.21292111590615917
2022-05-18,0.9229080066484654,0.8446178474126415,1.1725737093188617,-0.21292111590615917
2022-05-19,0.9229080066484654,0.8446178474126415,1.1725737093188617,-0.21292111590615917
2022-05-20,0.9229080066484654,0.8446178474126415,1.1725737093188617,-0.21292111590615917
2022-05-21,0.9229080066484654,0.8446178474126415,1.1725737093188617,-0.21292111590615917
2022-05-22,0.9229080066484654,0.8446178474126415,1.1725737093188617,-0.21292111590615917
2022-05-23,0.9229080066484654,0.8446178474126415,1.1725737093188617,-0.21292111590615917
2022-05-24,0.9229080066484654,0.8446178474126415,1.1725737093188617,-0.21292111590615917
2022-05-25,0.9229080066484654,0.8446178474126415,1.1725737093188617,-0.21292111590615917
2022-05-26,0.9229080066484654,0.8446178474126415,1.1725737093188617,-0.21292111590615917
2022-05-27,0.9229080066484654,0.8446178474126415,1.1725737093188617,-0.21292111590615917
2022-05-28,0.9229080066484654,0.8446178474126415,1.1725737093188617,-0.21292111590615917
2022-05-29,0.9229080066484654,0.8446178474126415,1.1725737093188617,-0.21292111590615917
2022-05-30,0.9229080066484654,0.8446178474126415,1.1725737093188617,-0.21292111590615917
2022-05-31,0.9229080066484654,0.8446178474126415,1.1725737093188617,-0.21292111590615917
2022-06-01,0.9229080066484654,0.8446178474126415,1.1725737093188617,-0.21292111590615917
2022-06-02,0.9229080066484654,0.8446178474126415,1.1725737093188617,-0.21292111590615917
2022-06-03,0.9229080066484654,0.8446178474126415,1.1725737093188617,-0.21292111590615917
2022-06-04,0.9229080066484654,0.8446178474126415,1.1725737093188617,-0.21292111590615917
2022-06-05,0.9229080066484654,0.8446178474126415,1.1725737093188617,-0.21292111590615917
2022-06-06,0.9229080066484654,0.8446178474126415,1.1725737093188617,-0.21292111590615917
2022-06-07,0.9229080066484654,0.8446178474126415,1.1725737093188617,-0.21292111590615917
2022-06-08,0.9229080066484654,0.8446178474126415,1.1725737093188617,-0.21292111590615917
2022-06-09,0.9229080066484654,0.8446178474126415,1.1725737093188617,-0.21292111590615917
2022-06-10,0.9229080066484654,0.8446178474126415,1.1725737093188617,-0.21292111590615917
2022-06-11,0.9229080066484654,0.8446178474126415,1.1725737093188617,-0.21292111590615917
2022-06-12,0.9229080066484654,0.8446178474126415,1.1725737093188617,-0.21292111590615917
2022-06-13,0.9229080066484654,0.8446178474126415,1.1725737093188617,-0.21292111590615917
2022-06-14,0.9229080066484654,0.8446178474126415,1.1725737093188617,-0.21292111590615917
2022-06-15,0.9229080066484654,0.8446178474126415,1.1725737093188617,-0.21292111590615917
2022-06-16,0.9229080066484654,0.8446178474126415,1.1725737093188617,-0.21292111590615917
2022-06-17,0.9229080066484654,0.8446178474126415,1.1725737093188617,-0.21292111590615917
2022-06-18,0.9229080066484654,0.8446178474126415,1.1725737093188617,-0.21292111590615917
2022-06-19,0.9229080066484654,0.8446178474126415,1.1725737093188617,-0.21292111590615917
2022-06-20,0.9229080066484654,0.8446178474126415,1.1725737093188617,-0.21292111590615917
2022-06-21,0.9229080066484654,0.8446178474126415,1.1725737093188617,-0.21292111590615917
2022-06-22,0.9229080066484654,0.8446178474126415,1.1725737093188617,-0.21292111590615917
2022-06-23,0.9229080066484654,0.8446178474126415,1.1725737093188617,-0.21292111590615917
2022-06-24,0.9229080066484654,0.8446178474126415,1.1725737093188617,-0.21292111590615917
2022-06-25,0.9229080066484654,0.8446178474126415,1.1725737093188617,-0.21292111590615917
2022-06-26,0.9229080066484654,0.8446178474126415,1.1725737093188617,-0.21292111590615917
2022-06-27,0.9229080066484654,0.8446178474126415,1.1725737093188617,-0.21292111590615917
2022-06-28,0.9229080066484654,0.8446178474126415,1.1725737093188617,-0.21292111590615917
2022-06-29,0.9229080066484654,0.8446178474126415,1.1725737093188617,-0.21292111590615917
2022-06-30,0.9229080066484654,0.8446178474126415,1.1725737093188617,-0.21292111590615917
2022-07-01,0.9229080066484654,0.8446178474126415,1.1725737093188617,-0.21292111590615917
2022-07-02,0.9229080066484654,0.8446178474126415,1.1725737093188617,-0.21292111590615917
2022-07-03,0.9229080066484654,0.8446178474126415,1.1725737093188617,-0.21292111590615917
2022-07-04,0.9229080066484654,0.8446178474126415,1.1725737093188617,-0.21292111590615917
2022-07-05,0.9229080066484654,0.8446178474126415,1.1725737093188617,-0.21292111590615917
2022-07-06,0.9229080066484654,0.8446178474126415,1.1725737093188617,-0.21292111590615917
2022-07-07,0.9229080066484654,0.8446178474126415,1.1725737093188617,-0.21292111590615917
2022-07-08,0.9229080066484654,0.8446178474126415,1.1725737093188617,-0.21292111590615917
2022-07-09,0.9229080066484654,0.8446178474126415,1.1725737093188617,-0.21292111590615917
2022-07-10,0.9229080066484654,0.8446178474126415,1.1725737093188617,-0.21292111590615917
2022-07-11,0.9229080066484654,0.8446178474126415,1.1725737093188617,-0.21292111590615917
2022-07-12,0.9229080066484654,0.8446178474126415,1.1725737093188617,-0.21292111590615917
2022-07-13,0.9229080066484654,0.8446178474126415,1.1725737093188617,-0.21292111590615917
2022-07-14,0.9229080066484654,0.8446178474126415,1.1725737093188617,-0.21292111590615917
2022-07-15,0.9229080066484654,0.8446178474126415,1.1725737093188617,-0.21292111590615917
2022-07-16,0.9229080066484654,0.8446178474126415,1.1725737093188617,-0.21292111590615917
2022-07-17,0.9229080066484654,0.8446178474126415,1.1725737093188617,-0.21292111590615917
2022-07-18,0.9229080066484654,0.8446178474126415,1.1725737093188617,-0.21292111590615917
2022-07-19,0.9229080066484654,0.8446178474126415,1.1725737093188617,-0.21292111590615917
2022-07-20,0.9229080066484654,0.8446178474126415,1.1725737093188617,-0.21292111590615917
2022-07-21,0.9229080066484654,0.8446178474126415,1.1725737093188617,-0.21292111590615917
2022-07-22,0.9229080066484654,0.8446178474126415,1.1725737093188617,-0.21292111590615917
2022-07-23,0.9229080066484654,0.8446178474126415,1.1725737093188617,-0.21292111590615917
2022-07-24,0.9229080066484654,0.8446178474126415,1.1725737093188617,-0.21292111590615917
2022-07-25,0.9229080066484654,0.8446178474126415,1.1725737093188617,-0.21292111590615917
2022-07-26,0.9229080066484654,0.8446178474126415,1.1725737093188617,-0.21292111590615917
2022-07-27,0.9229080066484654,0.8446178474126415,1.1725737093188617,-0.21292111590615917
2022-07-28,0.9229080066484654,0.8446178474126415,1.1725737093188617,-0.21292111590615917
2022-07-29,0.9229080066484654,0.8446178474126415,1.1725737093188617,-0.21292111590615917
2022-07-30,0.9229080066484654,0.8446178474126415,1.1725737093188617,-0.21292111590615917
2022-07-31,0.9229080066484654,0.8446178474126415,1.1725737093188617,-0.21292111590615917
2022-08-01,0.9229080066484654,0.8446178474126415,1.1725737093188617,-0.21292111590615917
2022-08-02,0.9229080066484654,0.8446178474126415,1.1725737093188617,-0.21292111590615917
2022-08-03,0.9229080066484654,0.8446178474126415,1.1725737093188617,-0.21292111590615917
2022-08-04,0.9229080066484654,0.8446178474126415,1.1725737093188617,-0.21292111590615917
2022-08-05,0.9084318624898353,0.8326366393425656,1.1725737093188617,-0.2252667314044285
2022-08-06,0.9168832336946037,0.8403828684306648,1.1725737093188617,-0.2180591920083101
2022-08-07,0.9416129914078815,0.8630492930733494,1.1725737093188617,-0.19696904004878588
2022-08-08,0.9157459470448133,0.8393404715562803,1.1725737093188617,-0.2190290983269935
2022-08-09,0.9462007223271053,0.8672542455992559,1.1725737093188617,-0.19305650910700925
2022-08-10,0.9465579293849672,0.867581649003395,1.1725737093188617,-0.192751874050788
2022-08-11,0.963074297507992,0.8827199701212917,1.1725737093188617,-0.17866630485222645
2022-08-12,0.9639125786882782,0.8834883091168709,1.1725737093188617,-0.1779513978287924
2022-08-13,0.959770277084596,0.8796916214082516,1.1725737093188617,-0.1814840555805072
2022-08-14,0.9525462098423115,0.8730702958918675,1.1725737093188617,-0.18764491965657523
2022-08-15,0.9424818863765767,0.8638456915888014,1.1725737093188617,-0.19622802482578552
2022-08-16,0.9206333232325542,0.8438200683782259,1.1725737093188617,-0.21486102245346914
2022-08-17,0.9157576887116115,0.8393512335543859,1.1725737093188617,-0.2190190847417452
2022-08-18,0.9157576887116115,0.7503576408845766,1.1725737093188617,-0.2190190847417452
2022-08-19,0.9157576887116115,0.7536376652017678,1.1725737093188617,-0.2190190847417452
2022-08-20,0.9157576887116115,0.7536376652017678,1.1725737093188617,-0.2190190847417452
2022-08-21,0.9157576887116115,0.7536376652017678,1.1725737093188617,-0.2190190847417452
2022-08-22,0.9157576887116115,0.7536376652017678,1.1725737093188617,-0.2190190847417452
2022-08-23,0.9157576887116115,0.7536376652017678,1.1725737093188617,-0.2190190847417452
2022-08-24,0.9157576887116115,0.7536376652017678,1.1725737093188617,-0.2190190847417452
2022-08-25,0.9157576887116115,0.7536376652017678,1.1725737093188617,-0.2190190847417452
2022-08-26,0.9157576887116115,0.7536376652017678,1.1725737093188617,-0.2190190847417452
2022-08-27,0.9157576887116115,0.7536376652017678,1.1725737093188617,-0.2190190847417452
2022-08-28,0.9157576887116115,0.7536376652017678,1.1725737093188617,-0.2190190847417452
2022-08-29,0.9157576887116115,0.7536376652017678,1.1725737093188617,-0.2190190847417452
2022-08-30,0.9157576887116115,0.7536376652017678,1.1725737093188617,-0.2190190847417452
2022-08-31,0.9157576887116115,0.7536376652017678,1.1725737093188617,-0.2190190847417452
2022-09-01,0.9157576887116115,0.7536376652017678,1.1725737093188617,-0.2190190847417452
2022-09-02,0.9157576887116115,0.7536376652017678,1.1725737093188617,-0.2190190847417452
2022-09-03,0.9157576887116115,0.7536376652017678,1.1725737093188617,-0.2190190847417452
2022-09-04,0.9157576887116115,0.7536376652017678,1.1725737093188617,-0.2190190847417452
2022-09-05,0.9157576887116115,0.7536376652017678,1.1725737093188617,-0.2190190847417452
2022-09-06,0.9157576887116115,0.7536376652017678,1.1725737093188617,-0.2190190847417452
2022-09-07,0.9157576887116115,0.7536376652017678,1.1725737093188617,-0.2190190847417452
2022-09-08,0.9157576887116115,0.7536376652017678,1.1725737093188617,-0.2190190847417452
2022-09-09,0.9157576887116115,0.7536376652017678,1.1725737093188617,-0.2190190847417452
2022-09-10,0.9157576887116115,0.7536376652017678,1.1725737093188617,-0.2190190847417452
2022-09-11,0.9157576887116115,0.7536376652017678,1.1725737093188617,-0.2190190847417452
2022-09-12,0.9157576887116115,0.7536376652017678,1.1725737093188617,-0.2190190847417452
2022-09-13,0.9157576887116115,0.7536376652017678,1.1725737093188617,-0.2190190847417452
2022-09-14,0.9157576887116115,0.7536376652017678,1.1725737093188617,-0.2190190847417452
2022-09-15,0.9157576887116115,0.7536376652017678,1.1725737093188617,-0.2190190847417452
2022-09-16,0.9157576887116115,0.7536376652017678,1.1725737093188617,-0.2190190847417452
2022-09-17,0.9157576887116115,0.7536376652017678,1.1725737093188617,-0.2190190847417452
2022-09-18,0.9157576887116115,0.7536376652017678,1.1725737093188617,-0.2190190847417452
2022-09-19,0.9157576887116115,0.7536376652017678,1.1725737093188617,-0.2190190847417452
2022-09-20,0.9157576887116115,0.7536376652017678,1.1725737093188617,-0.2190190847417452
2022-09-21,0.9157576887116115,0.7536376652017678,1.1725737093188617,-0.2190190847417452
2022-09-22,0.9157576887116115,0.7536376652017678,1.1725737093188617,-0.2190190847417452
2022-09-23,0.9157576887116115,0.7536376652017678,1.1725737093188617,-0.2190190847417452
2022-09-24,0.9157576887116115,0.7536376652017678,1.1725737093188617,-0.2190190847417452
2022-09-25,0.9157576887116115,0.7536376652017678,1.1725737093188617,-0.2190190847417452
2022-09-26,0.9157576887116115,0.7536376652017678,1.1725737093188617,-0.2190190847417452
2022-09-27,0.9157576887116115,0.7536376652017678,1.1725737093188617,-0.2190190847417452
2022-09-28,0.9157576887116115,0.7536376652017678,1.1725737093188617,-0.2190190847417452
2022-09-29,0.9157576887116115,0.7536376652017678,1.1725737093188617,-0.2190190847417452
2022-09-30,0.9157576887116115,0.7536376652017678,1.1725737093188617,-0.2190190847417452
2022-10-01,0.9157576887116115,0.7536376652017678,1.1725737093188617,-0.2190190847417452
2022-10-02,0.9157576887116115,0.7536376652017678,1.1725737093188617,-0.2190190847417452
2022-10-03,0.9157576887116115,0.7536376652017678,1.1725737093188617,-0.2190190847417452
2022-10-04,0.9157576887116115,0.7536376652017678,1.1725737093188617,-0.2190190847417452
2022-10-05,0.9157576887116115,0.7536376652017678,1.1725737093188617,-0.2190190847417452
2022-10-06,0.9157576887116115,0.7536376652017678,1.1725737093188617,-0.2190190847417452
2022-10-07,0.9157576887116115,0.7536376652017678,1.1725737093188617,-0.2190190847417452
2022-10-08,0.9157576887116115,0.7536376652017678,1.1725737093188617,-0.2190190847417452
2022-10-09,0.9157576887116115,0.7536376652017678,1.1725737093188617,-0.2190190847417452
2022-10-10,0.9157576887116115,0.7536376652017678,1.1725737093188617,-0.2190190847417452
2022-10-11,0.9157576887116115,0.7536376652017678,1.1725737093188617,-0.2190190847417452
2022-10-12,0.9157576887116115,0.7536376652017678,1.1725737093188617,-0.2190190847417452
2022-10-13,0.9157576887116115,0.7536376652017678,1.1725737093188617,-0.2190190847417452
2022-10-14,0.9157576887116115,0.7536376652017678,1.1725737093188617,-0.2190190847417452
2022-10-15,0.9157576887116115,0.7536376652017678,1.1725737093188617,-0.2190190847417452
2022-10-16,0.9157576887116115,0.7536376652017678,1.1725737093188617,-0.2190190847417452
2022-10-17,0.9157576887116115,0.7536376652017678,1.1725737093188617,-0.2190190847417452
2022-10-18,0.9157576887116115,0.7536376652017678,1.1725737093188617,-0.2190190847417452
2022-10-19,0.9157576887116115,0.7536376652017678,1.1725737093188617,-0.2190190847417452
2022-10-20,0.9157576887116115,0.7536376652017678,1.1725737093188617,-0.2190190847417452
2022-10-21,0.9157576887116115,0.7536376652017678,1.1725737093188617,-0.2190190847417452
2022-10-22,0.9157576887116115,0.7536376652017678,1.1725737093188617,-0.2190190847417452
2022-10-23,0.9157576887116115,0.7536376652017678,1.1725737093188617,-0.2190190847417452
2022-10-24,0.9157576887116115,0.7536376652017678,1.1725737093188617,-0.2190190847417452
2022-10-25,0.9157576887116115,0.7536376652017678,1.1725737093188617,-0.2190190847417452
2022-10-26,0.9010686892426432,0.7422713081048085,1.1725737093188617,-0.23154622853853135
2022-10-27,0.9083325337263819,0.7482550287813603,1.1725737093188617,-0.22535144144241076
2022-10-28,0.9135266712370994,0.7525337916443748,1.1725737093188617,-0.22092175188904806
2022-10-29,0.9091917541763911,0.7489628268604556,1.1725737093188617,-0.22461867688937612
2022-10-30,0.9060015365881403,0.7463348285617242,1.1725737093188617,-0.22733937373162746
2022-10-31,0.9060015365881403,0.7463348285617242,1.1725737093188617,-0.22733937373162746
2022-11-01,0.9060015365881403,0.7463348285617242,1.1725737093188617,-0.22733937373162746
2022-11-02,0.9060015365881403,0.7463348285617242,1.1725737093188617,-0.22733937373162746
2022-11-03,0.9060015365881403,0.7463348285617242,1.1725737093188617,-0.22733937373162746
2022-11-04,0.9060015365881403,0.7463348285617242,1.1725737093188617,-0.22733937373162746
2022-11-05,0.8960396760697007,0.7387983409428852,1.1725737093188617,-0.23583509595298477
2022-11-06,0.8880829210499077,0.7322378754133937,1.1725737093188617,-0.2426208143744007
2022-11-07,0.8880829210499077,0.689978101026498,1.1725737093188617,-0.2426208143744007
2022-11-08,0.8880829210499077,0.6339672436836058,1.1725737093188617,-0.2426208143744007
2022-11-09,0.8880829210499077,0.656069080046377,1.1725737093188617,-0.2426208143744007
2022-11-10,0.8880829210499077,0.656069080046377,1.1725737093188617,-0.2426208143744007
2022-11-11,0.8880829210499077,0.656069080046377,1.1725737093188617,-0.2426208143744007
2022-11-12,0.8880829210499077,0.656069080046377,1.1725737093188617,-0.2426208143744007
2022-11-13,0.8880829210499077,0.656069080046377,1.1725737093188617,-0.2426208143744007
2022-11-14,0.8880829210499077,0.656069080046377,1.1725737093188617,-0.2426208143744007
2022-11-15,0.8880829210499077,0.656069080046377,1.1725737093188617,-0.2426208143744007
2022-11-16,0.8880829210499077,0.656069080046377,1.1725737093188617,-0.2426208143744007
2022-11-17,0.8880829210499077,0.656069080046377,1.1725737093188617,-0.2426208143744007
2022-11-18,0.8880829210499077,0.656069080046377,1.1725737093188617,-0.2426208143744007
2022-11-19,0.8880829210499077,0.656069080046377,1.1725737093188617,-0.2426208143744007
2022-11-20,0.8880829210499077,0.656069080046377,1.1725737093188617,-0.2426208143744007
2022-11-21,0.8880829210499077,0.656069080046377,1.1725737093188617,-0.2426208143744007
2022-11-22,0.8880829210499077,0.656069080046377,1.1725737093188617,-0.2426208143744007
2022-11-23,0.8880829210499077,0.656069080046377,1.1725737093188617,-0.2426208143744007
2022-11-24,0.8880829210499077,0.656069080046377,1.1725737093188617,-0.2426208143744007
2022-11-25,0.8880829210499077,0.656069080046377,1.1725737093188617,-0.2426208143744007
2022-11-26,0.8880829210499077,0.656069080046377,1.1725737093188617,-0.2426208143744007
2022-11-27,0.8880829210499077,0.656069080046377,1.1725737093188617,-0.2426208143744007
2022-11-28,0.8880829210499077,0.656069080046377,1.1725737093188617,-0.2426208143744007
2022-11-29,0.8880829210499077,0.656069080046377,1.1725737093188617,-0.2426208143744007
2022-11-30,0.8880829210499077,0.656069080046377,1.1725737093188617,-0.2426208143744007
2022-12-01,0.8880829210499077,0.656069080046377,1.1725737093188617,-0.2426208143744007
2022-12-02,0.8880829210499077,0.656069080046377,1.1725737093188617,-0.2426208143744007
2022-12-03,0.8880829210499077,0.656069080046377,1.1725737093188617,-0.2426208143744007
2022-12-04,0.8880829210499077,0.656069080046377,1.1725737093188617,-0.2426208143744007
2022-12-05,0.8880829210499077,0.656069080046377,1.1725737093188617,-0.2426208143744007
2022-12-06,0.8880829210499077,0.656069080046377,1.1725737093188617,-0.2426208143744007
2022-12-07,0.8880829210499077,0.656069080046377,1.1725737093188617,-0.2426208143744007
2022-12-08,0.8880829210499077,0.656069080046377,1.1725737093188617,-0.2426208143744007
2022-12-09,0.8880829210499077,0.656069080046377,1.1725737093188617,-0.2426208143744007
2022-12-10,0.8880829210499077,0.656069080046377,1.1725737093188617,-0.2426208143744007
2022-12-11,0.8880829210499077,0.656069080046377,1.1725737093188617,-0.2426208143744007
2022-12-12,0.8880829210499077,0.656069080046377,1.1725737093188617,-0.2426208143744007
2022-12-13,0.8880829210499077,0.656069080046377,1.1725737093188617,-0.2426208143744007
2022-12-14,0.8880829210499077,0.656069080046377,1.1725737093188617,-0.2426208143744007
2022-12-15,0.8880829210499077,0.656069080046377,1.1725737093188617,-0.2426208143744007
2022-12-16,0.8880829210499077,0.656069080046377,1.1725737093188617,-0.2426208143744007
2022-12-17,0.8880829210499077,0.656069080046377,1.1725737093188617,-0.2426208143744007
2022-12-18,0.8880829210499077,0.656069080046377,1.1725737093188617,-0.2426208143744007
2022-12-19,0.8880829210499077,0.656069080046377,1.1725737093188617,-0.2426208143744007
2022-12-20,0.8880829210499077,0.656069080046377,1.1725737093188617,-0.2426208143744007
2022-12-21,0.8880829210499077,0.656069080046377,1.1725737093188617,-0.2426208143744007
2022-12-22,0.8880829210499077,0.656069080046377,1.1725737093188617,-0.2426208143744007
2022-12-23,0.8880829210499077,0.656069080046377,1.1725737093188617,-0.2426208143744007
2022-12-24,0.8880829210499077,0.656069080046377,1.1725737093188617,-0.2426208143744007
2022-12-25,0.8880829210499077,0.656069080046377,1.1725737093188617,-0.2426208143744007
2022-12-26,0.8880829210499077,0.656069080046377,1.1725737093188617,-0.2426208143744007
2022-12-27,0.8880829210499077,0.656069080046377,1.1725737093188617,-0.2426208143744007
2022-12-28,0.8880829210499077,0.656069080046377,1.1725737093188617,-0.2426208143744007
2022-12-29,0.8880829210499077,0.656069080046377,1.1725737093188617,-0.2426208143744007
2022-12-30,0.8880829210499077,0.656069080046377,1.1725737093188617,-0.2426208143744007
2022-12-31,0.8880829210499077,0.656069080046377,1.1725737093188617,-0.2426208143744007
2023-01-01,0.8880829210499077,0.656069080046377,1.1725737093188617,-0.2426208143744007
2023-01-02,0.8880829210499077,0.656069080046377,1.1725737093188617,-0.2426208143744007
2023-01-03,0.8880829210499077,0.656069080046377,1.1725737093188617,-0.2426208143744007
2023-01-04,0.8880829210499077,0.656069080046377,1.1725737093188617,-0.2426208143744007
2023-01-05,0.8928082257607575,0.6605439909335439,1.1725737093188617,-0.2385909570841544
2023-01-06,0.8929719719929192,0.6606651385513319,1.1725737093188617,-0.2384513102279607
2023-01-07,0.9001095705004264,0.6659458894089001,1.1725737093188617,-0.23236418883782367
2023-01-08,0.9056439744729965,0.6700405171038509,1.1725737093188617,-0.22764431158952259
2023-01-09,0.9187016705363106,0.6797012509783729,1.1725737093188617,-0.21650838387807902
2023-01-10,0.944077267640711,0.6984753815251425,1.1725737093188617,-0.19486744403546488
2023-01-11,0.9920393954653449,0.7339601524007169,1.1725737093188617,-0.15396414947627274
2023-01-12,1.0284718378151745,0.7609146877363505,1.1725737093188617,-0.12289365722466593
2023-01-13,1.0580938552972647,0.7828305315677069,1.1725737093188617,-0.0976312645523132
2023-01-14,1.0554046243815232,0.780840904601499,1.1725737093188617,-0.09992470750977447
2023-01-15,1.062625907210561,0.7861835692879586,1.1725737093188617,-0.09376621805052106
2023-01-16,1.0624139682514757,0.7860267662905969,1.1725737093188617,-0.09394696486191635
2023-01-17,1.0510156516244653,0.7775937239669621,1.1725737093188617,-0.10366773255133657
2023-01-18,1.0586228314374861,0.7832218944614266,1.1725737093188617,-0.0971801405538665
2023-01-19,1.0908597685867525,0.8070723860962968,1.1725737093188617,-0.06968767940360542
2023-01-20,1.0926056435983449,0.8083640713816175,1.1725737093188617,-0.06819875380539585
2023-01-21,1.0915082425211367,0.807552159409619,1.1725737093188617,-0.06913464471654863
2023-01-22,1.0956194763087173,0.8105938549219955,1.1725737093188617,-0.0656284823704998
2023-01-23,1.0898643440179125,0.8063359214240382,1.1725737093188617,-0.07053660221411101
2023-01-24,1.0987213484129752,0.8128887743906935,1.1725737093188617,-0.06298312875255131
2023-01-25,1.0969681752585965,0.8115916895758621,1.1725737093188617,-0.06447827838830182
2023-01-26,1.0978851725517274,0.812270129843551,1.1725737093188617,-0.06369624030758828
2023-01-27,1.0956165967055507,0.8105917244481571,1.1725737093188617,-0.0656309381676439
2023-01-28,1.1304257990529034,0.8363453059859408,1.1725737093188617,-0.03594478533075903
2023-01-29,1.0850992122520888,0.8028104396205532,1.1725737093188617,-0.07460042500661737
2023-01-30,1.0923788604185878,0.8081962858904999,1.1725737093188617,-0.06839216013708722
2023-01-31,1.1065780194601806,0.8187015309258958,1.1725737093188617,-0.05628276443023564
2023-02-01,1.1005656110676756,0.8142532517544943,1.1725737093188617,-0.061410295727178675
2023-02-02,1.1000385439714213,0.8138633012665796,1.1725737093188617,-0.06185979164548683
2023-02-03,1.0972903246571528,0.811830031745277,1.1725737093188617,-0.06420354137518605
2023-02-04,1.0811011969747408,0.7998525088007935,1.1725737093188617,-0.07801003179344394
2023-02-05,1.0718519692851198,0.7930094695064933,1.1725737093188617,-0.08589800302809988
2023-02-06,1.095336455709593,0.8103844621871756,1.1725737093188617,-0.06586984937103457
2023-02-07,1.0799319477698788,0.7989874400056248,1.1725737093188617,-0.07900719657342291
2023-02-08,1.0258565715908472,0.7589797835325965,1.1725737093188617,-0.12512402125512545
2023-02-09,1.0258565715908472,0.7589797835325965,1.1725737093188617,-0.12512402125512545
2023-02-10,1.0346745480783062,0.7666422313847556,1.1725737093188617,-0.11760383176308808
2023-02-11,1.0308738511823299,0.7638261045605672,1.1725737093188617,-0.12084516053054278
2023-02-12,1.0317928320109986,0.76450702351658,1.1725737093188617,-0.12006143084142794
2023-02-13,1.0505115961234284,0.7783766940468654,1.1725737093188617,-0.10409760360936135
2023-02-14,1.1443574947533777,0.8479118239730795,1.1725737093188617,-0.024063489008187493
2023-02-15,1.1350335980015622,0.8410032815485182,1.1725737093188617,-0.03201513987475145
2023-02-16,1.1491846841016504,0.8514885305037949,1.1725737093188617,-0.019946741967119323
2023-02-17,1.1503054554519738,0.8523189661712035,1.1725737093188617,-0.018990920306258062
2023-02-18,1.1456745389666856,0.848887688042026,1.1725737093188617,-0.022940280972018084
2023-02-19,1.1528413284291035,0.8541979215599349,1.1725737093188617,-0.01682826481008229
2023-02-20,1.1471264038019195,0.8499634474670741,1.1725737093188617,-0.021702094558920578
2023-02-21,1.1436863699095154,0.8474145539389496,1.1725737093188617,-0.02463584095376546
2023-02-22,1.1378084317798167,0.843059294971709,1.1725737093188617,-0.029648692668744786
2023-02-23,1.101635149421053,0.8162566970383397,1.1725737093188617,-0.06049816683935063
2023-02-24,1.1005541720423373,0.8154557467190009,1.1725737093188617,-0.06142005121226877
2023-02-25,1.1187260226966702,0.8289201816564437,1.1725737093188617,-0.04592264536910963
2023-02-26,1.1169040067722815,0.8275701587371729,1.1725737093188617,-0.04747650582999876
2023-02-27,1.098929971177971,0.8142522948923493,1.1725737093188617,-0.06280521007388934
2023-02-28,1.122377625614796,0.8316258372797336,1.1725737093188617,-0.04280846765123558
2023-03-01,1.1142276486079203,0.825587110831992,1.1725737093188617,-0.049758970585170405
2023-03-02,1.0601180511763404,0.7854945980787569,1.1725737093188617,-0.09590498000150958
2023-03-03,1.059697230529805,0.7851827909698723,1.1725737093188617,-0.09626386630707065
2023-03-04,1.0633927181360798,0.7879209629581475,1.1725737093188617,-0.09311226263652476
2023-03-05,1.063119868389402,0.787718794905387,1.1725737093188617,-0.0933449556813281
2023-03-06,1.0531200151697715,0.7803094024543441,1.1725737093188617,-0.10187307902245216
2023-03-07,1.0531200151697715,0.7803094024543441,1.1725737093188617,-0.10187307902245216
2023-03-08,1.0531200151697715,0.7803094024543441,1.1725737093188617,-0.10187307902245216
2023-03-09,1.0531200151697715,0.7803094024543441,1.1725737093188617,-0.10187307902245216
2023-03-10,1.0531200151697715,0.7803094024543441,1.1725737093188617,-0.10187307902245216
2023-03-11,1.0531200151697715,0.7803094024543441,1.1725737093188617,-0.10187307902245216
2023-03-12,1.0531200151697715,0.7803094024543441,1.1725737093188617,-0.10187307902245216
2023-03-13,1.0531200151697715,0.7803094024543441,1.1725737093188617,-0.10187307902245216
2023-03-14,1.0531200151697715,0.7803094024543441,1.1725737093188617,-0.10187307902245216
2023-03-15,1.0531200151697715,0.7803094024543441,1.1725737093188617,-0.10187307902245216
2023-03-16,1.067854367579437,0.791410967257863,1.1725737093188617,-0.08930725711073238
2023-03-17,1.0651504245178576,0.7894070140421962,1.1725737093188617,-0.09161324695178902
2023-03-18,1.0760596633317503,0.7974920970871064,1.1725737093188617,-0.08230957697591194
2023-03-19,1.0731615067414573,0.795344207843007,1.1725737093188617,-0.08478119694083212
2023-03-20,1.0780587768264545,0.7989736852067378,1.1725737093188617,-0.0806046833058454
2023-03-21,1.0675209725100436,0.7911638806490912,1.1725737093188617,-0.08959158471141432
2023-03-22,1.0789980592752852,0.7996698086238687,1.1725737093188617,-0.07980363989052236
2023-03-23,1.0696618404573657,0.7927505261921554,1.1725737093188617,-0.08776579932128677
2023-03-24,1.0696840465907884,0.7927669836587021,1.1725737093188617,-0.08774686137883908
2023-03-25,1.0776716685371572,0.7986867905186911,1.1725737093188617,-0.08093481887533731
2023-03-26,1.0619100618891073,0.7870055081813379,1.1725737093188617,-0.09437670873077823
2023-03-27,1.0640625955622716,0.7886007994570532,1.1725737093188617,-0.0925409745197369
2023-03-28,1.0823760350177383,0.8021733026684437,1.1725737093188617,-0.07692281822821914
2023-03-29,1.0772921403665079,0.7984055136276146,1.1725737093188617,-0.08125848993126591
2023-03-30,1.0920581064179153,0.8093489042528084,1.1725737093188617,-0.0686657071202093
2023-03-31,1.0895156776157917,0.8074646528992893,1.1725737093188617,-0.07083395358686469
2023-04-01,1.0815525821844048,0.8015630231929785,1.1725737093188617,-0.07762507926885927
2023-04-02,1.0657891169093834,0.789880363385238,1.1725737093188617,-0.09106855420757184
2023-04-03,1.0801832233520574,0.8005481604636274,1.1725737093188617,-0.07879290251226355
2023-04-04,1.080562589862226,0.800829317544474,1.1725737093188617,-0.07846936932441054
2023-04-05,1.0754177532928055,0.7970163630729592,1.1725737093188617,-0.08285701380981267
2023-04-06,1.0708723916528462,0.7936476929984329,1.1725737093188617,-0.08673341117727514
2023-04-07,1.0717132234561955,0.794270852420722,1.1725737093188617,-0.08601632891910505
2023-04-08,1.086385719677699,0.8051449704458876,1.1725737093188617,-0.07350325950189408
2023-04-09,1.1358528232797764,0.84180615711866,1.1725737093188617,-0.03131648419817988
2023-04-10,1.1579332223845409,0.8581704391251588,1.1725737093188617,-0.012485771101609798
2023-04-11,1.1542505688308364,0.8554411414798073,1.1725737093188617,-0.0156264295731729
2023-04-12,1.1641657356192083,0.8627894953160102,1.1725737093188617,-0.007170528925245582
2023-04-13,1.1674787160970848,0.865244819903431,1.1725737093188617,-0.004345136839829554
2023-04-14,1.1610578900098747,0.8604862008084022,1.1725737093188617,-0.009820976896775626
2023-04-15,1.1609376123977782,0.8603970603560909,1.1725737093188617,-0.009923552633499599
2023-04-16,1.1271209819445898,0.8353347924767878,1.1725737093188617,-0.03876321549173662
2023-04-17,1.163004525126089,0.8619288960175938,1.1725737093188617,-0.008160838092073044
2023-04-18,1.101133223292332,0.8160746781425948,1.1725737093188617,-0.060926221915745336
2023-04-19,1.091402525141274,0.8088630381759209,1.1725737093188617,-0.069224803125374
2023-04-20,1.0744570662121675,0.7963043762002138,1.1725737093188617,-0.08367631162708684
2023-04-21,1.0836127084811973,0.8030898292769516,1.1725737093188617,-0.07586815236488728
2023-04-22,1.080152903640965,0.8005256898415917,1.1725737093188617,-0.07881875991538584
2023-04-23,1.0791273611250167,0.7997656371423174,1.1725737093188617,-0.07969336805967381
2023-04-24,1.0913612469338336,0.8088324459649707,1.1725737093188617,-0.06926000620652133
2023-04-25,1.0932067560431393,0.8102001944085994,1.1725737093188617,-0.06768611017368452
2023-04-26,1.1150312875347184,0.8263748471534789,1.1725737093188617,-0.04907360733643711
2023-04-27,1.1125293476172808,0.824520603026006,1.1725737093188617,-0.0512073238760062
2023-04-28,1.1090440120859495,0.8219375422193891,1.1725737093188617,-0.05417970463436035
2023-04-29,1.1098141760429783,0.8225083281061959,1.1725737093188617,-0.05352288967176311
2023-04-30,1.06425313425294,0.78874201198009,1.1725737093188617,-0.09237847838908503
2023-05-01,1.0836150327759195,0.8030915518642165,1.1725737093188617,-0.07586617014858499
2023-05-02,1.09483181020096,0.8114045587132587,1.1725737093188617,-0.06630022360220013
2023-05-03,1.089390442509698,0.8073718383363137,1.1725737093188617,-0.07094075719767257
2023-05-04,1.1150178337226444,0.8263648762297741,1.1725737093188617,-0.04908508108172668
2023-05-05,1.0909851624736555,0.8085537212854295,1.1725737093188617,-0.0695807403805773
2023-05-06,1.074870723873814,0.7966109472271782,1.1725737093188617,-0.08332353409305296
2023-05-07,1.0480458709193075,0.7767304434170959,1.1725737093188617,-0.10620043534140934
2023-05-08,1.0467016419259312,0.7757342049784448,1.1725737093188617,-0.10734682723361466
2023-05-09,1.0452997592356308,0.7746952380840849,1.1725737093188617,-0.1085423876313612
2023-05-10,1.0452997592356308,0.7746952380840849,1.1725737093188617,-0.1085423876313612
2023-05-11,1.0452997592356308,0.7746952380840849,1.1725737093188617,-0.1085423876313612
2023-05-12,1.0452997592356308,0.7746952380840849,1.1725737093188617,-0.1085423876313612
2023-05-13,1.0452997592356308,0.7746952380840849,1.1725737093188617,-0.1085423876313612
2023-05-14,1.0452997592356308,0.7746952380840849,1.1725737093188617,-0.1085423876313612
2023-05-15,1.0452997592356308,0.7746952380840849,1.1725737093188617,-0.1085423876313612
2023-05-16,1.0452997592356308,0.7746952380840849,1.1725737093188617,-0.1085423876313612
2023-05-17,1.0452997592356308,0.7746952380840849,1.1725737093188617,-0.1085423876313612
2023-05-18,1.0452997592356308,0.7746952380840849,1.1725737093188617,-0.1085423876313612
2023-05-19,1.0452997592356308,0.7746952380840849,1.1725737093188617,-0.1085423876313612
2023-05-20,1.0452997592356308,0.7746952380840849,1.1725737093188617,-0.1085423876313612
2023-05-21,1.0452997592356308,0.7746952380840849,1.1725737093188617,-0.1085423876313612
2023-05-22,1.0452997592356308,0.7746952380840849,1.1725737093188617,-0.1085423876313612
2023-05-23,1.0452997592356308,0.7746952380840849,1.1725737093188617,-0.1085423876313612
2023-05-24,1.0452997592356308,0.7746952380840849,1.1725737093188617,-0.1085423876313612
2023-05-25,1.0452997592356308,0.7746952380840849,1.1725737093188617,-0.1085423876313612
2023-05-26,1.0452997592356308,0.7746952380840849,1.1725737093188617,-0.1085423876313612
2023-05-27,1.0452997592356308,0.7746952380840849,1.1725737093188617,-0.1085423876313612
2023-05-28,1.0452997592356308,0.7746952380840849,1.1725737093188617,-0.1085423876313612
2023-05-29,1.0452997592356308,0.7746952380840849,1.1725737093188617,-0.1085423876313612
2023-05-30,1.0452997592356308,0.7746952380840849,1.1725737093188617,-0.1085423876313612
2023-05-31,1.0452997592356308,0.7746952380840849,1.1725737093188617,-0.1085423876313612
2023-06-01,1.0452997592356308,0.7746952380840849,1.1725737093188617,-0.1085423876313612
2023-06-02,1.0452997592356308,0.7746952380840849,1.1725737093188617,-0.1085423876313612
2023-06-03,1.0452997592356308,0.7746952380840849,1.1725737093188617,-0.1085423876313612
2023-06-04,1.0452997592356308,0.7746952380840849,1.1725737093188617,-0.1085423876313612
2023-06-05,1.0452997592356308,0.7746952380840849,1.1725737093188617,-0.1085423876313612
2023-06-06,1.0452997592356308,0.7746952380840849,1.1725737093188617,-0.1085423876313612
2023-06-07,1.0452997592356308,0.7746952380840849,1.1725737093188617,-0.1085423876313612
2023-06-08,1.0452997592356308,0.7746952380840849,1.1725737093188617,-0.1085423876313612
2023-06-09,1.0452997592356308,0.7746952380840849,1.1725737093188617,-0.1085423876313612
2023-06-10,1.0452997592356308,0.7746952380840849,1.1725737093188617,-0.1085423876313612
2023-06-11,1.0452997592356308,0.7746952380840849,1.1725737093188617,-0.1085423876313612
2023-06-12,1.0452997592356308,0.7746952380840849,1.1725737093188617,-0.1085423876313612
2023-06-13,1.0452997592356308,0.7746952380840849,1.1725737093188617,-0.1085423876313612
2023-06-14,1.0452997592356308,0.7746952380840849,1.1725737093188617,-0.1085423876313612
2023-06-15,1.0452997592356308,0.7746952380840849,1.1725737093188617,-0.1085423876313612
2023-06-16,1.0452997592356308,0.7746952380840849,1.1725737093188617,-0.1085423876313612
2023-06-17,1.0452997592356308,0.7746952380840849,1.1725737093188617,-0.1085423876313612
2023-06-18,1.0452997592356308,0.7746952380840849,1.1725737093188617,-0.1085423876313612
2023-06-19,1.0452997592356308,0.7746952380840849,1.1725737093188617,-0.1085423876313612
2023-06-20,1.0452997592356308,0.7746952380840849,1.1725737093188617,-0.1085423876313612
2023-06-21,1.0452997592356308,0.7746952380840849,1.1725737093188617,-0.1085423876313612
2023-06-22,1.0452997592356308,0.7746952380840849,1.1725737093188617,-0.1085423876313612
2023-06-23,1.0422592854910127,0.7729789805475222,1.1725737093188617,-0.11113537920234255
2023-06-24,1.0412366449200248,0.772220551549064,1.1725737093188617,-0.11200751249584946
2023-06-25,1.0380217254253123,0.7698362454285439,1.1725737093188617,-0.11474927573782079
2023-06-26,1.0439459286303603,0.7742298590117868,1.1725737093188617,-0.1096969680168083
2023-06-27,1.0249067911922451,0.7601097132358868,1.1725737093188617,-0.12593401758290748
2023-06-28,1.0370675127275033,0.7691285651337787,1.1725737093188617,-0.11556305204051764
2023-06-29,1.0381535747102473,0.7699340298544287,1.1725737093188617,-0.11463683139092211
2023-06-30,1.0419897020398474,0.7727790472447875,1.1725737093188617,-0.11136528666915914
2023-07-01,1.0430346191798034,0.7735539973909206,1.1725737093188617,-0.11047415536402097
2023-07-02,1.061123370210011,0.7869693005936362,1.1725737093188617,-0.09504761894550015
2023-07-03,1.0481411846795772,0.777341219869111,1.1725737093188617,-0.10611914939792261
2023-07-04,1.0391318519916164,0.7706595573562434,1.1725737093188617,-0.11380253221331442
2023-07-05,1.0183281209493318,0.7552307220975829,1.1725737093188617,-0.13154447105856562
2023-07-06,1.0329624227059007,0.7660840748192027,1.1725737093188617,-0.11906397483025617
2023-07-07,1.0312682253520038,0.764827593863176,1.1725737093188617,-0.12050882843769464
2023-07-08,1.0271302154100193,0.7617586888882073,1.1725737093188617,-0.12403782615365766
2023-07-09,1.0353775973326127,0.7678752598408076,1.1725737093188617,-0.11700425388690074
2023-07-10,1.042382908695048,0.7730706642001003,1.1725737093188617,-0.11102995026166881
2023-07-11,1.0345476608373192,0.7672597474870377,1.1725737093188617,-0.1177120443555917
2023-07-12,1.070817989354686,0.7941591975104261,1.1725737093188617,-0.08677980680914694
2023-07-13,1.0312454257240775,0.7648106847951575,1.1725737093188617,-0.12052827252700442
2023-07-14,1.029943848649105,0.7638453859155776,1.1725737093188617,-0.12163828980321346
2023-07-15,1.028355889948441,0.7626676955704994,1.1725737093188617,-0.12299254044694179
2023-07-16,1.0248399768507102,0.7600601611884023,1.1725737093188617,-0.12599099851383233
2023-07-17,1.0149565364385156,0.7527302272645982,1.1725737093188617,-0.13441984211969468
2023-07-18,1.0169046307696605,0.7541750078398937,1.1725737093188617,-0.13275845886023496
2023-07-19,1.0127519722670824,0.7510952389373093,1.1725737093188617,-0.13629994923271688
2023-07-20,1.0167122965754456,0.7540323655133264,1.1725737093188617,-0.13292248624093297
2023-07-21,1.0120464460332608,0.7505719939477365,1.1725737093188617,-0.13690163953859233
2023-07-22,1.0226219860672527,0.7584152151768604,1.1725737093188617,-0.1278825561752657
2023-07-23,1.0226219860672527,0.7351822737379304,1.1725737093188617,-0.1278825561752657
2023-07-24,1.0226219860672527,0.7364530035679485,1.1725737093188617,-0.1278825561752657
2023-07-25,1.0226219860672527,0.7396607375478792,1.1725737093188617,-0.1278825561752657
2023-07-26,1.0226219860672527,0.7360162526225463,1.1725737093188617,-0.1278825561752657
2023-07-27,1.0226219860672527,0.7387464638452795,1.1725737093188617,-0.1278825561752657
2023-07-28,1.0226219860672527,0.7396950591977941,1.1725737093188617,-0.1278825561752657
2023-07-29,1.0226219860672527,0.7376359154813009,1.1725737093188617,-0.1278825561752657
2023-07-30,1.0226219860672527,0.736496221651793,1.1725737093188617,-0.1278825561752657
2023-07-31,1.0226219860672527,0.7476395816974152,1.1725737093188617,-0.1278825561752657
2023-08-01,1.0226219860672527,0.7343259842263995,1.1725737093188617,-0.1278825561752657
2023-08-02,1.0226219860672527,0.7343259842263995,1.1725737093188617,-0.1278825561752657
2023-08-03,1.0226219860672527,0.7343259842263995,1.1725737093188617,-0.1278825561752657
2023-08-04,1.0226219860672527,0.7343259842263995,1.1725737093188617,-0.1278825561752657
2023-08-05,1.0226219860672527,0.7343259842263995,1.1725737093188617,-0.1278825561752657
2023-08-06,1.0226219860672527,0.7343259842263995,1.1725737093188617,-0.1278825561752657
2023-08-07,1.0226219860672527,0.7343259842263995,1.1725737093188617,-0.1278825561752657
2023-08-08,1.0226219860672527,0.7343259842263995,1.1725737093188617,-0.1278825561752657
2023-08-09,1.0226219860672527,0.7343259842263995,1.1725737093188617,-0.1278825561752657
2023-08-10,1.0226219860672527,0.7343259842263995,1.1725737093188617,-0.1278825561752657
2023-08-11,1.0226219860672527,0.7343259842263995,1.1725737093188617,-0.1278825561752657
2023-08-12,1.0226219860672527,0.7343259842263995,1.1725737093188617,-0.1278825561752657
2023-08-13,1.0226219860672527,0.7343259842263995,1.1725737093188617,-0.1278825561752657
2023-08-14,1.0226219860672527,0.7343259842263995,1.1725737093188617,-0.1278825561752657
2023-08-15,1.0226219860672527,0.7343259842263995,1.1725737093188617,-0.1278825561752657
2023-08-16,1.0226219860672527,0.7343259842263995,1.1725737093188617,-0.1278825561752657
2023-08-17,1.0226219860672527,0.7343259842263995,1.1725737093188617,-0.1278825561752657
2023-08-18,1.0226219860672527,0.7343259842263995,1.1725737093188617,-0.1278825561752657
2023-08-19,1.0226219860672527,0.7343259842263995,1.1725737093188617,-0.1278825561752657
2023-08-20,1.0226219860672527,0.7343259842263995,1.1725737093188617,-0.1278825561752657
2023-08-21,1.0226219860672527,0.7343259842263995,1.1725737093188617,-0.1278825561752657
2023-08-22,1.0226219860672527,0.7343259842263995,1.1725737093188617,-0.1278825561752657
2023-08-23,1.0226219860672527,0.7343259842263995,1.1725737093188617,-0.1278825561752657
2023-08-24,1.0226219860672527,0.7343259842263995,1.1725737093188617,-0.1278825561752657
2023-08-25,1.0226219860672527,0.7343259842263995,1.1725737093188617,-0.1278825561752657
2023-08-26,1.0226219860672527,0.7343259842263995,1.1725737093188617,-0.1278825561752657
2023-08-27,1.0226219860672527,0.7343259842263995,1.1725737093188617,-0.1278825561752657
2023-08-28,1.0226219860672527,0.7343259842263995,1.1725737093188617,-0.1278825561752657
2023-08-29,1.0226219860672527,0.7343259842263995,1.1725737093188617,-0.1278825561752657
2023-08-30,1.0226219860672527,0.7343259842263995,1.1725737093188617,-0.1278825561752657
2023-08-31,1.0226219860672527,0.7343259842263995,1.1725737093188617,-0.1278825561752657
2023-09-01,1.0226219860672527,0.7343259842263995,1.1725737093188617,-0.1278825561752657
2023-09-02,1.0226219860672527,0.7343259842263995,1.1725737093188617,-0.1278825561752657
2023-09-03,1.0226219860672527,0.7343259842263995,1.1725737093188617,-0.1278825561752657
2023-09-04,1.0226219860672527,0.7343259842263995,1.1725737093188617,-0.1278825561752657
2023-09-05,1.0226219860672527,0.7343259842263995,1.1725737093188617,-0.1278825561752657
2023-09-06,1.0226219860672527,0.7343259842263995,1.1725737093188617,-0.1278825561752657
2023-09-07,1.0226219860672527,0.7343259842263995,1.1725737093188617,-0.1278825561752657
2023-09-08,1.0226219860672527,0.7343259842263995,1.1725737093188617,-0.1278825561752657
2023-09-09,1.0226219860672527,0.7343259842263995,1.1725737093188617,-0.1278825561752657
2023-09-10,1.0226219860672527,0.7343259842263995,1.1725737093188617,-0.1278825561752657
2023-09-11,1.0226219860672527,0.7343259842263995,1.1725737093188617,-0.1278825561752657
2023-09-12,1.0226219860672527,0.7343259842263995,1.1725737093188617,-0.1278825561752657
2023-09-13,1.0226219860672527,0.7343259842263995,1.1725737093188617,-0.1278825561752657
2023-09-14,1.0226219860672527,0.7343259842263995,1.1725737093188617,-0.1278825561752657
2023-09-15,1.0226219860672527,0.7343259842263995,1.1725737093188617,-0.1278825561752657
2023-09-16,1.0226219860672527,0.7343259842263995,1.1725737093188617,-0.1278825561752657
2023-09-17,1.0226219860672527,0.7343259842263995,1.1725737093188617,-0.1278825561752657
2023-09-18,1.0226219860672527,0.7343259842263995,1.1725737093188617,-0.1278825561752657
2023-09-19,1.0226219860672527,0.7343259842263995,1.1725737093188617,-0.1278825561752657
2023-09-20,1.0226219860672527,0.7343259842263995,1.1725737093188617,-0.1278825561752657
2023-09-21,1.0226219860672527,0.7343259842263995,1.1725737093188617,-0.1278825561752657
2023-09-22,1.0226219860672527,0.7343259842263995,1.1725737093188617,-0.1278825561752657
2023-09-23,1.0226219860672527,0.7343259842263995,1.1725737093188617,-0.1278825561752657
2023-09-24,1.0226219860672527,0.7343259842263995,1.1725737093188617,-0.1278825561752657
2023-09-25,1.0226219860672527,0.7343259842263995,1.1725737093188617,-0.1278825561752657
2023-09-26,1.0226219860672527,0.7343259842263995,1.1725737093188617,-0.1278825561752657
2023-09-27,1.0226219860672527,0.7343259842263995,1.1725737093188617,-0.1278825561752657
2023-09-28,1.0226219860672527,0.7343259842263995,1.1725737093188617,-0.1278825561752657
2023-09-29,1.0226219860672527,0.7343259842263995,1.1725737093188617,-0.1278825561752657
2023-09-30,1.0226219860672527,0.7343259842263995,1.1725737093188617,-0.1278825561752657
2023-10-01,1.0226219860672527,0.7343259842263995,1.1725737093188617,-0.1278825561752657
2023-10-02,1.0226219860672527,0.7343259842263995,1.1725737093188617,-0.1278825561752657
2023-10-03,1.0226219860672527,0.7343259842263995,1.1725737093188617,-0.1278825561752657
2023-10-04,1.0226219860672527,0.7343259842263995,1.1725737093188617,-0.1278825561752657
2023-10-05,1.0226219860672527,0.7343259842263995,1.1725737093188617,-0.1278825561752657
2023-10-06,1.0226219860672527,0.7343259842263995,1.1725737093188617,-0.1278825561752657
2023-10-07,1.0226219860672527,0.7343259842263995,1.1725737093188617,-0.1278825561752657
2023-10-08,1.0081422848674249,0.7250298668733868,1.1725737093188617,-0.14023120520666776
2023-10-09,1.0010762095312415,0.7199481281771629,1.1725737093188617,-0.1462573298588126
2023-10-10,0.9819744532972317,0.7062106389484344,1.1725737093188617,-0.16254778229024733
2023-10-11,0.9777073995298764,0.7031418841989061,1.1725737093188617,-0.16618683178747162
2023-10-12,0.9815576169235322,0.7059108610053129,1.1725737093188617,-0.16290327070891708
2023-10-13,0.9815332088819361,0.70589330737284,1.1725737093188617,-0.1629240864933766
2023-10-14,0.99236026645118,0.713679847255047,1.1725737093188617,-0.15369050272529663
2023-10-15,1.0408414291778492,0.7485462460612495,1.1725737093188617,-0.11234456230264173
2023-10-16,1.0387337734707758,0.7470304745678285,1.1725737093188617,-0.11414202346889771
2023-10-17,1.0355337258201769,0.7447290830312089,1.1725737093188617,-0.11687110363261533
2023-10-18,1.0497456300488344,0.754949917119401,1.1725737093188617,-0.10475083851349283
2023-10-19,1.0843722968920682,0.7798525206788979,1.1725737093188617,-0.075220356490876
2023-10-20,1.0929402476304984,0.7860143693350911,1.1725737093188617,-0.06791339517122706
2023-10-21,1.0956942712057605,0.7879949918881874,1.1725737093188617,-0.06556469542350553
2023-10-22,1.2032075245152616,0.8653157440321799,1.2032075245152616,0.0
2023-10-23,1.2129278996372572,0.8723063865103761,1.2129278996372572,0.0
2023-10-24,1.220354059715801,0.877647088843713,1.220354059715801,0.0
2023-10-25,1.215804398371757,0.8743750900315366,1.220354059715801,-0.0037281486531076263
2023-10-26,1.2128102235728118,0.8722217569272116,1.220354059715801,-0.006181678245693691
2023-10-27,1.2148891565417035,0.8737168717699269,1.220354059715801,-0.004478129220441242
2023-10-28,1.22002178226684,0.8774081234930862,1.220354059715801,-0.0002722795456904511
2023-10-29,1.2196033383767428,0.8771071894657321,1.220354059715801,-0.0006151668305449806
2023-10-30,1.225436626506539,0.8813023394754715,1.225436626506539,0.0
2023-10-31,1.2523384843492744,0.9006494601181992,1.2523384843492744,0.0
2023-11-01,1.234578267001309,0.8878767709723103,1.2523384843492744,-0.014181643038138974
2023-11-02,1.2272804193627398,0.882628347628427,1.2523384843492744,-0.02000901936632172
2023-11-03,1.2395814003115797,0.8914748950985812,1.2523384843492744,-0.01018661024724749
2023-11-04,1.2384205059060387,0.8906400098557564,1.2523384843492744,-0.01111359158659699
2023-11-05,1.2379969821769947,0.8903354225395653,1.2523384843492744,-0.011451777895120472
2023-11-06,1.2522666371582005,0.9005977894759085,1.2523384843492744,-5.73704249863607e-05
2023-11-07,1.2597245427899713,0.9059613223903801,1.2597245427899713,0.0
2023-11-08,1.2958688614844667,0.931955381924095,1.2958688614844667,0.0
2023-11-09,1.3176113976783053,0.9475920518254886,1.3176113976783053,0.0
2023-11-10,1.3113847847937643,0.9431140328211132,1.3176113976783053,-0.004725682318407804
2023-11-11,1.308431883819236,0.9409903827842196,1.3176113976783053,-0.006966783890336778
2023-11-12,1.2887876932475342,0.9268627888038626,1.3176113976783053,-0.021875724877274016
2023-11-13,1.2542683424920689,0.90203736420015,1.3176113976783053,-0.04807415547395075
2023-11-14,1.3343486090327448,0.9596290215095216,1.3343486090327448,0.0
2023-11-15,1.3099691517693874,0.9420959461496066,1.3343486090327448,-0.01827068061398868
2023-11-16,1.3153811128383281,0.9459880886301235,1.3343486090327448,-0.014214798191430619
2023-11-17,1.3152454515468144,0.9458905245366395,1.3343486090327448,-0.014316466743857939
2023-11-18,1.3250337570878303,0.9529300208159291,1.3343486090327448,-0.006980823363443737
2023-11-19,1.3260990058072248,0.9536961201540908,1.3343486090327448,-0.006182494716654279
2023-11-20,1.3056562112969654,0.9389941908681443,1.3343486090327448,-0.021502924754107682
2023-11-21,1.3236125531047764,0.9519079276549732,1.3343486090327448,-0.008045915329241276
2023-11-22,1.3218090254428487,0.9506108771887268,1.3343486090327448,-0.009397531878109315
2023-11-23,1.3339820873478887,0.9593654285897855,1.3343486090327448,-0.00027468210509227944
2023-11-24,1.3361523924992253,0.9609262559437886,1.3361523924992253,0.0
2023-11-25,1.327080805556155,0.954402205150175,1.3361523924992253,-0.006789335553336353
2023-11-26,1.3204697550175442,0.9496477085242027,1.3361523924992253,-0.011737162295048831
2023-11-27,1.337209649958593,0.9616866081743439,1.337209649958593,0.0
2023-11-28,1.3381780237949552,0.9623830376012216,1.3381780237949552,0.0
2023-11-29,1.3330164182435758,0.9586709443362696,1.3381780237949552,-0.0038571889984724125
2023-11-30,1.3670759609844856,0.9831656869037413,1.3670759609844856,0.0
2023-12-01,1.3946258815545372,1.0029788775050101,1.3946258815545372,0.0
2023-12-02,1.412250843407559,1.0156542943958167,1.412250843407559,0.0
2023-12-03,1.4812485711991057,1.065275676363591,1.4812485711991057,0.0
2023-12-04,1.553570880129167,1.1172880111328185,1.553570880129167,0.0
2023-12-05,1.5417474045496014,1.1087848731788734,1.553570880129167,-0.007610515703398495
2023-12-06,1.5261302627246451,1.0975534285422863,1.553570880129167,-0.017662932380813158
2023-12-07,1.5541697073759368,1.1177186722066796,1.5541697073759368,0.0
2023-12-08,1.5397637265753785,1.1073582632656114,1.5541697073759368,-0.009269245650709157
2023-12-09,1.5413538995056237,1.1085018745248822,1.5541697073759368,-0.00824608008346228
2023-12-10,1.4654221127481568,1.0538936966212402,1.5541697073759368,-0.05710289822700357
2023-12-11,1.468075262365279,1.055801773231627,1.5541697073759368,-0.05539578116988254
2023-12-12,1.5124322850184089,1.0877021971220182,1.5541697073759368,-0.026855125382669775
2023-12-13,1.5159022437807232,1.0901977017519304,1.5541697073759368,-0.02462244850970906
2023-12-14,1.4868795703019042,1.069325345335073,1.5541697073759368,-0.04329651823393562
2023-12-15,1.4951201373695278,1.0752517481193646,1.5541697073759368,-0.03799428706283852
